Datum,Elektrárna,Klasifikace,Kapacita(kW),PV(kWh),Prodej(kWh),Koupit(kWh),Spotřeba(kWh),Spotřebováno v domácnosti(kWh),Vlastní poměr(%),Contribution Ratio(%),Příjem(CZK),Month,Year
2024-01-01,HFVE Zapletal Simon,Úložiště baterie,7.6,1.2,0.11,14.12,20.01,5.89,98.17,29.44,6,1,2024
2024-01-02,HFVE Zapletal Simon,Úložiště baterie,7.6,1.3,0.11,6.32,12.21,5.89,98.17,48.24,6.5,1,2024
2024-01-03,HFVE Zapletal Simon,Úložiště baterie,7.6,1.9,0.12,5.51,12.19,6.68,98.24,54.8,9.5,1,2024
2024-01-04,HFVE Zapletal Simon,Úložiště baterie,7.6,1.8,0.15,6.13,11.78,5.65,97.41,47.96,9,1,2024
2024-01-05,HFVE Zapletal Simon,Úložiště baterie,7.6,4.5,0.88,5.14,14.76,9.62,91.62,65.18,22.5,1,2024
2024-01-06,HFVE Zapletal Simon,Úložiště baterie,7.6,0.8,0.07,7.27,15.5,8.23,99.16,53.1,4,1,2024
2024-01-07,HFVE Zapletal Simon,Úložiště baterie,7.6,0.7,0.13,9.23,15.7,6.47,98.03,41.21,3.5,1,2024
2024-01-08,HFVE Zapletal Simon,Úložiště baterie,7.6,0.8,0.03,7.69,12.76,5.07,99.41,39.73,4,1,2024
2024-01-09,HFVE Zapletal Simon,Úložiště baterie,7.6,2.2,0.15,5.78,13.53,7.75,98.1,57.28,11,1,2024
2024-01-10,HFVE Zapletal Simon,Úložiště baterie,7.6,5.3,2.73,6.98,11.85,4.87,64.08,41.1,26.5,1,2024
2024-01-11,HFVE Zapletal Simon,Úložiště baterie,7.6,7,0.18,3.47,13.49,10.02,98.24,74.28,35,1,2024
2024-01-12,HFVE Zapletal Simon,Úložiště baterie,7.6,0.4,0.05,4.13,16.78,12.65,99.61,75.39,2,1,2024
2024-01-13,HFVE Zapletal Simon,Úložiště baterie,7.6,0.4,0.09,13.91,23.22,9.31,99.04,40.09,2,1,2024
2024-01-14,HFVE Zapletal Simon,Úložiště baterie,7.6,0.4,0.04,12.15,18.61,6.46,99.38,34.71,2,1,2024
2024-01-15,HFVE Zapletal Simon,Úložiště baterie,7.6,2.2,0.1,7.85,13.35,5.5,98.21,41.2,11,1,2024
2024-01-16,HFVE Zapletal Simon,Úložiště baterie,7.6,1.6,0.13,4.6,12.37,7.77,98.35,62.81,8,1,2024
2024-01-17,HFVE Zapletal Simon,Úložiště baterie,7.6,4.6,2.38,7.99,13.91,5.92,71.33,42.56,23,1,2024
2024-01-18,HFVE Zapletal Simon,Úložiště baterie,7.6,1.3,0.05,4.64,9.59,4.95,99,51.62,6.5,1,2024
2024-01-19,HFVE Zapletal Simon,Úložiště baterie,7.6,0.6,0.06,4.96,16.2,11.24,99.47,69.38,3,1,2024
2024-01-20,HFVE Zapletal Simon,Úložiště baterie,7.6,7.2,3.77,12.87,18.5,5.63,59.89,30.43,36,1,2024
2024-01-21,HFVE Zapletal Simon,Úložiště baterie,7.6,12.6,4.52,3.31,14.99,11.68,72.1,77.92,63,1,2024
2024-01-22,HFVE Zapletal Simon,Úložiště baterie,7.6,10.5,8.33,5.1,9.87,4.77,36.41,48.33,52.5,1,2024
2024-01-23,HFVE Zapletal Simon,Úložiště baterie,7.6,2.6,1.01,3.48,9.87,6.39,86.35,64.74,13,1,2024
2024-01-24,HFVE Zapletal Simon,Úložiště baterie,7.6,0.9,0.08,6.1,15.02,8.92,99.11,59.39,4.5,1,2024
2024-01-25,HFVE Zapletal Simon,Úložiště baterie,7.6,1.1,0.08,9.77,14.59,4.82,98.37,33.04,5.5,1,2024
2024-01-26,HFVE Zapletal Simon,Úložiště baterie,7.6,14.3,7.99,5.01,13.62,8.61,51.87,63.22,71.5,1,2024
2024-01-27,HFVE Zapletal Simon,Úložiště baterie,7.6,4.6,0.32,3.19,14.87,11.68,97.33,78.55,23,1,2024
2024-01-28,HFVE Zapletal Simon,Úložiště baterie,7.6,2.7,0.17,9.15,16.88,7.73,97.85,45.79,13.5,1,2024
2024-01-29,HFVE Zapletal Simon,Úložiště baterie,7.6,21.5,11.33,0.03,7.6,7.57,40.05,99.61,107.5,1,2024
2024-01-30,HFVE Zapletal Simon,Úložiště baterie,7.6,21.6,8.08,0.03,16.35,16.32,66.89,99.82,108,1,2024
2024-01-31,HFVE Zapletal Simon,Úložiště baterie,7.6,4.8,0.11,0.03,7.82,7.79,98.61,99.62,24,1,2024
2025-01-01,HFVE Zapletal Simon,Úložiště baterie,7.6,13,0.2,1.79,9.99,8.2,97.62,82.08,65,1,2025
2025-01-02,HFVE Zapletal Simon,Úložiště baterie,7.6,5.6,0.1,3.19,13.49,10.3,99.04,76.35,28,1,2025
2025-01-03,HFVE Zapletal Simon,Úložiště baterie,7.6,0.8,0.06,15.86,25.2,9.34,99.36,37.06,4,1,2025
2025-01-04,HFVE Zapletal Simon,Úložiště baterie,7.6,10.8,5.45,11.13,19.08,7.95,59.33,41.67,54,1,2025
2025-01-05,HFVE Zapletal Simon,Úložiště baterie,7.6,1.9,0.12,4.18,14.36,10.18,98.83,70.89,9.5,1,2025
2025-01-06,HFVE Zapletal Simon,Úložiště baterie,7.6,5.4,2.58,10.19,16.81,6.62,71.96,39.38,27,1,2025
2025-01-07,HFVE Zapletal Simon,Úložiště baterie,7.6,1,0.06,5.71,13.55,7.84,99.24,57.86,5,1,2025
2025-01-08,HFVE Zapletal Simon,Úložiště baterie,7.6,1,0.08,8.74,18.46,9.72,99.18,52.65,5,1,2025
2025-01-09,HFVE Zapletal Simon,Úložiště baterie,7.6,4.9,0.28,10.77,19.89,9.12,97.02,45.85,24.5,1,2025
2025-01-10,HFVE Zapletal Simon,Úložiště baterie,7.6,1.4,0.1,5.78,18.48,12.7,99.22,68.72,7,1,2025
2025-01-11,HFVE Zapletal Simon,Úložiště baterie,7.6,2.6,0.08,13.75,20.07,6.32,98.75,31.49,13,1,2025
2025-01-12,HFVE Zapletal Simon,Úložiště baterie,7.6,0.5,0.04,5.81,11.47,5.66,99.3,49.35,2.5,1,2025
2025-01-13,HFVE Zapletal Simon,Úložiště baterie,7.6,0.4,0.04,6.71,13.57,6.86,99.42,50.55,2,1,2025
2025-01-14,HFVE Zapletal Simon,Úložiště baterie,7.6,4.6,0.13,7.9,16.57,8.67,98.52,52.32,23,1,2025
2025-01-15,HFVE Zapletal Simon,Úložiště baterie,7.6,0.6,0.11,7.37,15.86,8.49,98.72,53.53,3,1,2025
2025-01-16,HFVE Zapletal Simon,Úložiště baterie,7.6,1.3,0.07,10.32,23.05,12.73,99.45,55.23,6.5,1,2025
2025-01-17,HFVE Zapletal Simon,Úložiště baterie,7.6,1.7,0.08,13.78,22.9,9.12,99.13,39.83,8.5,1,2025
2025-01-18,HFVE Zapletal Simon,Úložiště baterie,7.6,10.7,6.94,10.3,16.76,6.46,48.21,38.54,53.5,1,2025
2025-01-19,HFVE Zapletal Simon,Úložiště baterie,7.6,6.1,4.67,3.6,9.03,5.43,53.76,60.13,30.5,1,2025
2025-01-20,HFVE Zapletal Simon,Úložiště baterie,7.6,12.6,1.67,0.9,13.43,12.53,88.24,93.3,63,1,2025
2025-01-21,HFVE Zapletal Simon,Úložiště baterie,7.6,4.2,0.12,0.02,7.2,7.18,98.36,99.72,21,1,2025
2025-01-22,HFVE Zapletal Simon,Úložiště baterie,7.6,7.7,0.19,0.05,7.46,7.41,97.5,99.33,38.5,1,2025
2025-01-23,HFVE Zapletal Simon,Úložiště baterie,7.6,2.2,0.11,3.14,10.43,7.29,98.51,69.89,11,1,2025
2025-01-24,HFVE Zapletal Simon,Úložiště baterie,7.6,10.9,0.1,4.38,9.98,5.6,98.25,56.11,54.5,1,2025
2025-01-25,HFVE Zapletal Simon,Úložiště baterie,7.6,9.6,0.22,0.07,12.75,12.68,98.29,99.45,48,1,2025
2025-01-26,HFVE Zapletal Simon,Úložiště baterie,7.6,6.5,0.15,0.23,7.98,7.75,98.1,97.12,32.5,1,2025
2025-01-27,HFVE Zapletal Simon,Úložiště baterie,7.6,16.2,0.21,1.04,9.43,8.39,97.56,88.97,81,1,2025
2025-01-28,HFVE Zapletal Simon,Úložiště baterie,7.6,6.8,0.14,0.03,8.99,8.96,98.46,99.67,34,1,2025
2025-01-29,HFVE Zapletal Simon,Úložiště baterie,7.6,13.2,1.33,0.02,6.69,6.67,83.38,99.7,66,1,2025
2025-01-30,HFVE Zapletal Simon,Úložiště baterie,7.6,20.6,11.42,0.02,8.2,8.18,41.73,99.76,103,1,2025
2025-01-31,HFVE Zapletal Simon,Úložiště baterie,7.6,3.4,0.1,0.01,8.11,8.1,98.78,99.88,17,1,2025
2024-02-01,HFVE Zapletal Simon,Úložiště baterie,7.6,0.9,0.06,11.13,17.47,6.34,99.06,36.29,4.5,2,2024
2024-02-02,HFVE Zapletal Simon,Úložiště baterie,7.6,9,4.68,6.86,13.88,7.02,60,50.58,45,2,2024
2024-02-03,HFVE Zapletal Simon,Úložiště baterie,7.6,1.9,0.14,3.5,11.96,8.46,98.37,70.74,9.5,2,2024
2024-02-04,HFVE Zapletal Simon,Úložiště baterie,7.6,2.1,0.1,8.15,17.05,8.9,98.89,52.2,10.5,2,2024
2024-02-05,HFVE Zapletal Simon,Úložiště baterie,7.6,1.1,0.08,8.43,15.15,6.72,98.82,44.36,5.5,2,2024
2024-02-06,HFVE Zapletal Simon,Úložiště baterie,7.6,5.3,0.18,7.02,18.04,11.02,98.39,61.09,26.5,2,2024
2024-02-07,HFVE Zapletal Simon,Úložiště baterie,7.6,1.5,0.09,6.75,15.66,8.91,99,56.9,7.5,2,2024
2024-02-08,HFVE Zapletal Simon,Úložiště baterie,7.6,2.6,0.1,9.21,15.91,6.7,98.53,42.11,13,2,2024
2024-02-09,HFVE Zapletal Simon,Úložiště baterie,7.6,8.5,0.18,5.23,20.65,15.42,98.85,74.67,42.5,2,2024
2024-02-10,HFVE Zapletal Simon,Úložiště baterie,7.6,16.8,13.8,8.3,13.8,5.5,28.5,39.86,84,2,2024
2024-02-11,HFVE Zapletal Simon,Úložiště baterie,7.6,2.2,0.1,0.04,7.34,7.3,98.65,99.46,11,2,2024
2024-02-12,HFVE Zapletal Simon,Úložiště baterie,7.6,6.2,0.16,0.06,6.4,6.34,97.54,99.06,31,2,2024
2024-02-13,HFVE Zapletal Simon,Úložiště baterie,7.6,7.6,0.12,0.04,8.12,8.08,98.54,99.51,38,2,2024
2024-02-14,HFVE Zapletal Simon,Úložiště baterie,7.6,16.6,4.01,0.01,5.6,5.59,58.23,99.82,83,2,2024
2024-02-15,HFVE Zapletal Simon,Úložiště baterie,7.6,6.3,0.16,0.04,11.28,11.24,98.6,99.65,31.5,2,2024
2024-02-16,HFVE Zapletal Simon,Úložiště baterie,7.6,25.4,10.11,0.06,9.65,9.59,48.68,99.38,127,2,2024
2024-02-17,HFVE Zapletal Simon,Úložiště baterie,7.6,2,0.14,1.66,14.72,13.06,98.94,88.72,10,2,2024
2024-02-18,HFVE Zapletal Simon,Úložiště baterie,7.6,22.7,1.06,1.65,11.99,10.34,90.7,86.24,113.5,2,2024
2024-02-19,HFVE Zapletal Simon,Úložiště baterie,7.6,2.9,0.1,0.02,5.92,5.9,98.33,99.66,14.5,2,2024
2024-02-20,HFVE Zapletal Simon,Úložiště baterie,7.6,2.4,0.11,0.04,5.03,4.99,97.84,99.2,12,2,2024
2024-02-21,HFVE Zapletal Simon,Úložiště baterie,7.6,9.4,0.15,0.02,5.57,5.55,97.37,99.64,47,2,2024
2024-02-22,HFVE Zapletal Simon,Úložiště baterie,7.6,6.8,0.15,0.09,9.54,9.45,98.44,99.06,34,2,2024
2024-02-23,HFVE Zapletal Simon,Úložiště baterie,7.6,1.8,0.1,0.1,7.3,7.2,98.63,98.63,9,2,2024
2024-02-24,HFVE Zapletal Simon,Úložiště baterie,7.6,12.6,0.11,6.37,11.16,4.79,97.76,42.92,63,2,2024
2024-02-25,HFVE Zapletal Simon,Úložiště baterie,7.6,21.7,10.88,0.02,6.94,6.92,38.88,99.71,108.5,2,2024
2024-02-26,HFVE Zapletal Simon,Úložiště baterie,7.6,18.9,14.24,0.04,4.4,4.36,23.44,99.09,94.5,2,2024
2024-02-27,HFVE Zapletal Simon,Úložiště baterie,7.6,22.4,12.76,0.01,9.65,9.64,43.04,99.9,112,2,2024
2024-02-28,HFVE Zapletal Simon,Úložiště baterie,7.6,9.4,3.93,0.01,5.08,5.07,56.33,99.8,47,2,2024
2024-02-29,HFVE Zapletal Simon,Úložiště baterie,7.6,11.8,5.7,0.03,6.13,6.1,51.69,99.51,59,2,2024
2025-02-01,HFVE Zapletal Simon,Úložiště baterie,7.6,14.9,0.19,0.05,11.46,11.41,98.36,99.56,74.5,2,2025
2025-02-02,HFVE Zapletal Simon,Úložiště baterie,7.6,4.4,0.24,0.16,13.02,12.86,98.17,98.77,22,2,2025
2025-02-03,HFVE Zapletal Simon,Úložiště baterie,7.6,13.9,0.13,1.8,7.67,5.87,97.83,76.53,69.5,2,2025
2025-02-04,HFVE Zapletal Simon,Úložiště baterie,7.6,23.3,10.62,0.02,8.9,8.88,45.54,99.78,116.5,2,2025
2025-02-05,HFVE Zapletal Simon,Úložiště baterie,7.6,22.9,12.74,0.03,9.39,9.36,42.35,99.68,114.5,2,2025
2025-02-06,HFVE Zapletal Simon,Úložiště baterie,7.6,3.8,0.11,0.05,11.64,11.59,99.06,99.57,19,2,2025
2025-02-07,HFVE Zapletal Simon,Úložiště baterie,7.6,3.3,0.14,0.51,6.67,6.16,97.78,92.35,16.5,2,2025
2025-02-08,HFVE Zapletal Simon,Úložiště baterie,7.6,16.4,0.27,4.2,20.13,15.93,98.33,79.14,82,2,2025
2025-02-09,HFVE Zapletal Simon,Úložiště baterie,7.6,3.7,0.09,3.6,8.01,4.41,98,55.06,18.5,2,2025
2025-02-10,HFVE Zapletal Simon,Úložiště baterie,7.6,21,2.24,2.99,9.85,6.86,75.38,69.64,105,2,2025
2025-02-11,HFVE Zapletal Simon,Úložiště baterie,7.6,20.7,13.12,0.02,7.5,7.48,36.31,99.73,103.5,2,2025
2025-02-12,HFVE Zapletal Simon,Úložiště baterie,7.6,3.5,0.1,0.02,7.42,7.4,98.67,99.73,17.5,2,2025
2025-02-13,HFVE Zapletal Simon,Úložiště baterie,7.6,2.7,0.15,0.01,6.96,6.95,97.89,99.86,13.5,2,2025
2025-02-14,HFVE Zapletal Simon,Úložiště baterie,7.6,0.7,0.02,8.48,11.26,2.78,99.29,24.69,3.5,2,2025
2025-02-15,HFVE Zapletal Simon,Úložiště baterie,7.6,1.7,0.04,5.64,7.6,1.96,98,25.79,8.5,2,2025
2025-02-16,HFVE Zapletal Simon,Úložiště baterie,7.6,18.6,0.57,5.34,17.57,12.23,95.55,69.61,93,2,2025
2025-02-17,HFVE Zapletal Simon,Úložiště baterie,7.6,25.2,13.11,0.01,6.5,6.49,33.11,99.85,126,2,2025
2025-02-18,HFVE Zapletal Simon,Úložiště baterie,7.6,20.9,13.1,0.02,7.82,7.8,37.32,99.74,104.5,2,2025
2025-02-19,HFVE Zapletal Simon,Úložiště baterie,7.6,30.1,21.34,0.02,7.38,7.36,25.64,99.73,150.5,2,2025
2025-02-20,HFVE Zapletal Simon,Úložiště baterie,7.6,29.4,19.99,0.03,8.54,8.51,29.86,99.65,147,2,2025
2025-02-21,HFVE Zapletal Simon,Úložiště baterie,7.6,26.2,9.65,0.04,15.69,15.65,61.86,99.75,131,2,2025
2025-02-22,HFVE Zapletal Simon,Úložiště baterie,7.6,29.4,16.51,0.06,11.45,11.39,40.82,99.48,147,2,2025
2025-02-23,HFVE Zapletal Simon,Úložiště baterie,7.6,6.5,0.14,0.05,9.51,9.46,98.54,99.47,32.5,2,2025
2025-02-24,HFVE Zapletal Simon,Úložiště baterie,7.6,12.2,3.37,0.02,6.75,6.73,66.63,99.7,61,2,2025
2025-02-25,HFVE Zapletal Simon,Úložiště baterie,7.6,18.9,10.31,0.03,7.02,6.99,40.4,99.57,94.5,2,2025
2025-02-26,HFVE Zapletal Simon,Úložiště baterie,7.6,1.6,0.09,0.02,5.93,5.91,98.5,99.66,8,2,2025
2025-02-27,HFVE Zapletal Simon,Úložiště baterie,7.6,5.4,0.12,0.01,6.39,6.38,98.15,99.84,27,2,2025
2025-02-28,HFVE Zapletal Simon,Úložiště baterie,7.6,17.6,4.23,0.05,7.72,7.67,64.45,99.35,88,2,2025
2024-03-01,HFVE Zapletal Simon,Úložiště baterie,7.6,8.2,3.78,0.01,4.63,4.62,55,99.78,41,3,2024
2024-03-02,HFVE Zapletal Simon,Úložiště baterie,7.6,4.1,0.27,0.04,7.07,7.03,96.3,99.43,20.5,3,2024
2024-03-03,HFVE Zapletal Simon,Úložiště baterie,7.6,15.9,2.99,0.12,10.03,9.91,76.82,98.8,79.5,3,2024
2024-03-04,HFVE Zapletal Simon,Úložiště baterie,7.6,31.7,26.39,0.01,4.72,4.71,15.14,99.79,158.5,3,2024
2024-03-05,HFVE Zapletal Simon,Úložiště baterie,7.6,6.6,1.14,0.02,5.68,5.66,83.24,99.65,33,3,2024
2024-03-06,HFVE Zapletal Simon,Úložiště baterie,7.6,26.2,19.58,0.02,6.04,6.02,23.52,99.67,131,3,2024
2024-03-07,HFVE Zapletal Simon,Úložiště baterie,7.6,2.2,0.12,0.04,7.52,7.48,98.42,99.47,11,3,2024
2024-03-08,HFVE Zapletal Simon,Úložiště baterie,7.6,19.1,6.88,0.01,5.73,5.72,45.4,99.83,95.5,3,2024
2024-03-09,HFVE Zapletal Simon,Úložiště baterie,7.6,25.5,15.09,0.03,11.34,11.31,42.84,99.74,127.5,3,2024
2024-03-10,HFVE Zapletal Simon,Úložiště baterie,7.6,13.5,2.72,0.08,10.56,10.48,79.39,99.24,67.5,3,2024
2024-03-11,HFVE Zapletal Simon,Úložiště baterie,7.6,10.9,5.57,0.02,5.85,5.83,51.14,99.66,54.5,3,2024
2024-03-12,HFVE Zapletal Simon,Úložiště baterie,7.6,1.6,0.09,0.04,5.95,5.91,98.5,99.33,8,3,2024
2024-03-13,HFVE Zapletal Simon,Úložiště baterie,7.6,14.2,4.03,0.04,4.91,4.87,54.72,99.19,71,3,2024
2024-03-14,HFVE Zapletal Simon,Úložiště baterie,7.6,17.1,7.57,0.01,10.74,10.73,58.63,99.91,85.5,3,2024
2024-03-15,HFVE Zapletal Simon,Úložiště baterie,7.6,23,11.13,0.08,10.35,10.27,47.99,99.23,115,3,2024
2024-03-16,HFVE Zapletal Simon,Úložiště baterie,7.6,12.5,6.34,0.04,6.5,6.46,50.47,99.38,62.5,3,2024
2024-03-17,HFVE Zapletal Simon,Úložiště baterie,7.6,36.8,25.04,0.06,11.22,11.16,30.83,99.47,184,3,2024
2024-03-18,HFVE Zapletal Simon,Úložiště baterie,7.6,9.8,4.07,0.01,6.34,6.33,60.87,99.84,49,3,2024
2024-03-19,HFVE Zapletal Simon,Úložiště baterie,7.6,9.5,3,0.07,6.57,6.5,68.42,98.93,47.5,3,2024
2024-03-20,HFVE Zapletal Simon,Úložiště baterie,7.6,38.4,29.21,0.01,8.6,8.59,22.72,99.88,192,3,2024
2024-03-21,HFVE Zapletal Simon,Úložiště baterie,7.6,25.7,14.91,0.02,13.21,13.19,46.94,99.85,128.5,3,2024
2024-03-22,HFVE Zapletal Simon,Úložiště baterie,7.6,16.6,8.45,0.02,5.77,5.75,40.49,99.65,83,3,2024
2024-03-23,HFVE Zapletal Simon,Úložiště baterie,7.6,23.6,16.71,0.04,6.53,6.49,27.97,99.39,118,3,2024
2024-03-24,HFVE Zapletal Simon,Úložiště baterie,7.6,20.9,11.41,0.06,9.95,9.89,46.43,99.4,104.5,3,2024
2024-03-25,HFVE Zapletal Simon,Úložiště baterie,7.6,16.4,10.53,0.04,4.81,4.77,31.18,99.17,82,3,2024
2024-03-26,HFVE Zapletal Simon,Úložiště baterie,7.6,41.2,32.86,0.04,7.38,7.34,18.26,99.46,206,3,2024
2024-03-27,HFVE Zapletal Simon,Úložiště baterie,7.6,36.9,30.33,0.01,6.48,6.47,17.58,99.85,184.5,3,2024
2024-03-28,HFVE Zapletal Simon,Úložiště baterie,7.6,25.2,12.92,0.05,12.13,12.08,48.32,99.59,126,3,2024
2024-03-29,HFVE Zapletal Simon,Úložiště baterie,7.6,41.2,30.79,0.02,9.23,9.21,23.02,99.78,206,3,2024
2024-03-30,HFVE Zapletal Simon,Úložiště baterie,7.6,27.7,18.69,0.03,8.54,8.51,31.29,99.65,138.5,3,2024
2024-03-31,HFVE Zapletal Simon,Úložiště baterie,7.6,27.7,14.45,0.08,12.63,12.55,46.48,99.37,138.5,3,2024
2025-03-01,HFVE Zapletal Simon,Úložiště baterie,7.6,9.8,1.5,0.05,12.35,12.3,89.13,99.6,49,3,2025
2025-03-02,HFVE Zapletal Simon,Úložiště baterie,7.6,21.8,0.82,0.51,16.19,15.68,95.03,96.85,109,3,2025
2025-03-03,HFVE Zapletal Simon,Úložiště baterie,7.6,24,15.64,0.02,9.98,9.96,38.91,99.8,120,3,2025
2025-03-04,HFVE Zapletal Simon,Úložiště baterie,7.6,29.9,19.08,0.02,8.84,8.82,31.61,99.77,149.5,3,2025
2025-03-05,HFVE Zapletal Simon,Úložiště baterie,7.6,34.2,23.99,0.03,9.94,9.91,29.23,99.7,171,3,2025
2025-03-06,HFVE Zapletal Simon,Úložiště baterie,7.6,35,22.56,0.02,11.66,11.64,34.04,99.83,175,3,2025
2025-03-07,HFVE Zapletal Simon,Úložiště baterie,7.6,29.3,14.45,0.04,15.99,15.95,52.47,99.75,146.5,3,2025
2025-03-08,HFVE Zapletal Simon,Úložiště baterie,7.6,31,13.94,0.06,14.52,14.46,50.92,99.59,155,3,2025
2025-03-09,HFVE Zapletal Simon,Úložiště baterie,7.6,23.3,0.3,2.24,25.34,23.1,98.72,91.16,116.5,3,2025
2025-03-10,HFVE Zapletal Simon,Úložiště baterie,7.6,28.6,14.66,0.11,10.75,10.64,42.06,98.98,143,3,2025
2025-03-11,HFVE Zapletal Simon,Úložiště baterie,7.6,13.3,2.34,0.05,12.21,12.16,83.86,99.59,66.5,3,2025
2025-03-12,HFVE Zapletal Simon,Úložiště baterie,7.6,31.6,20.33,0.03,10.1,10.07,33.12,99.7,158,3,2025
2025-03-13,HFVE Zapletal Simon,Úložiště baterie,7.6,2.1,0.09,0.01,7.02,7.01,98.73,99.86,10.5,3,2025
2025-03-14,HFVE Zapletal Simon,Úložiště baterie,7.6,1.7,0.06,2.61,7.55,4.94,98.8,65.43,8.5,3,2025
2025-03-15,HFVE Zapletal Simon,Úložiště baterie,7.6,3.7,0.07,3.82,7.65,3.83,98.21,50.07,18.5,3,2025
2025-03-16,HFVE Zapletal Simon,Úložiště baterie,7.6,13.7,0.17,2.84,10.67,7.83,97.88,73.38,68.5,3,2025
2025-03-17,HFVE Zapletal Simon,Úložiště baterie,7.6,9.2,0.15,0.04,5.69,5.65,97.41,99.3,46,3,2025
2025-03-18,HFVE Zapletal Simon,Úložiště baterie,7.6,37.8,25.54,0,8.46,8.46,24.88,100,189,3,2025
2025-03-19,HFVE Zapletal Simon,Úložiště baterie,7.6,40.9,24.18,0.04,15.76,15.72,39.4,99.75,204.5,3,2025
2025-03-20,HFVE Zapletal Simon,Úložiště baterie,7.6,41.4,28.56,0.02,11.76,11.74,29.13,99.83,207,3,2025
2025-03-21,HFVE Zapletal Simon,Úložiště baterie,7.6,38.5,22.51,0.02,14.01,13.99,38.33,99.86,192.5,3,2025
2025-03-22,HFVE Zapletal Simon,Úložiště baterie,7.6,35.3,23.82,0.04,12.62,12.58,34.56,99.68,176.5,3,2025
2025-03-23,HFVE Zapletal Simon,Úložiště baterie,7.6,16.3,4.62,0.14,10.62,10.48,69.4,98.68,81.5,3,2025
2025-03-24,HFVE Zapletal Simon,Úložiště baterie,7.6,15.9,8.14,0.02,8.38,8.36,50.67,99.76,79.5,3,2025
2025-03-25,HFVE Zapletal Simon,Úložiště baterie,7.6,33.4,19.17,0.03,13.36,13.33,41.02,99.78,167,3,2025
2025-03-26,HFVE Zapletal Simon,Úložiště baterie,7.6,28,17.11,0.05,10.34,10.29,37.55,99.52,140,3,2025
2025-03-27,HFVE Zapletal Simon,Úložiště baterie,7.6,11.7,0.23,0.19,19.76,19.57,98.84,99.04,58.5,3,2025
2025-03-28,HFVE Zapletal Simon,Úložiště baterie,7.6,35.8,13.85,1.95,15.2,13.25,48.89,87.17,179,3,2025
2025-03-29,HFVE Zapletal Simon,Úložiště baterie,7.6,13.9,0.16,0.57,16.91,16.34,99.03,96.63,69.5,3,2025
2025-03-30,HFVE Zapletal Simon,Úložiště baterie,7.6,8.9,0.15,0.75,15.2,14.45,98.97,95.07,44.5,3,2025
2025-03-31,HFVE Zapletal Simon,Úložiště baterie,7.6,17,0.18,2.62,11.64,9.02,98.04,77.49,85,3,2025
2024-04-01,HFVE Zapletal Simon,Úložiště baterie,7.6,23.8,15.16,0.05,8.39,8.34,35.49,99.4,119,4,2024
2024-04-02,HFVE Zapletal Simon,Úložiště baterie,7.6,13.1,7.88,0.01,5.23,5.22,39.85,99.81,65.5,4,2024
2024-04-03,HFVE Zapletal Simon,Úložiště baterie,7.6,32.5,24.13,0.02,8.89,8.87,26.88,99.78,162.5,4,2024
2024-04-04,HFVE Zapletal Simon,Úložiště baterie,7.6,21,13.43,0.02,6.49,6.47,32.51,99.69,105,4,2024
2024-04-05,HFVE Zapletal Simon,Úložiště baterie,7.6,26.3,21.09,0.01,4.32,4.31,16.97,99.77,131.5,4,2024
2024-04-06,HFVE Zapletal Simon,Úložiště baterie,7.6,21.4,12.83,0.04,9.71,9.67,42.98,99.59,107,4,2024
2024-04-07,HFVE Zapletal Simon,Úložiště baterie,7.6,38.9,24.65,0.09,12.34,12.25,33.2,99.27,194.5,4,2024
2024-04-08,HFVE Zapletal Simon,Úložiště baterie,7.6,37.4,32.17,0.01,4.64,4.63,12.58,99.78,187,4,2024
2024-04-09,HFVE Zapletal Simon,Úložiště baterie,7.6,41.5,36.18,0.01,3.73,3.72,9.32,99.73,207.5,4,2024
2024-04-10,HFVE Zapletal Simon,Úložiště baterie,7.6,2.2,0.13,0.02,6.29,6.27,97.97,99.68,11,4,2024
2024-04-11,HFVE Zapletal Simon,Úložiště baterie,7.6,37.1,24.37,0.03,8.06,8.03,24.78,99.63,185.5,4,2024
2024-04-12,HFVE Zapletal Simon,Úložiště baterie,7.6,43.4,36.02,0.02,6.2,6.18,14.64,99.68,217,4,2024
2024-04-13,HFVE Zapletal Simon,Úložiště baterie,7.6,41.5,36.16,0.01,4.15,4.14,10.27,99.76,207.5,4,2024
2024-04-14,HFVE Zapletal Simon,Úložiště baterie,7.6,27.2,19.5,0.02,7.92,7.9,28.83,99.75,136,4,2024
2024-04-15,HFVE Zapletal Simon,Úložiště baterie,7.6,8.1,3.65,0.03,5.18,5.15,58.52,99.42,40.5,4,2024
2024-04-16,HFVE Zapletal Simon,Úložiště baterie,7.6,17.2,11.35,0.02,5.87,5.85,34.01,99.66,86,4,2024
2024-04-17,HFVE Zapletal Simon,Úložiště baterie,7.6,13.1,7.82,0.02,5,4.98,38.91,99.6,65.5,4,2024
2024-04-18,HFVE Zapletal Simon,Úložiště baterie,7.6,19.8,14.86,9.74,14.68,4.94,24.95,33.65,99,4,2024
2024-04-19,HFVE Zapletal Simon,Úložiště baterie,7.6,30.5,24.51,0.03,6.12,6.09,19.9,99.51,152.5,4,2024
2024-04-20,HFVE Zapletal Simon,Úložiště baterie,7.6,14.3,5.84,0.03,9.19,9.16,61.07,99.67,71.5,4,2024
2024-04-21,HFVE Zapletal Simon,Úložiště baterie,7.6,6,0.29,0.07,11.68,11.61,97.56,99.4,30,4,2024
2024-04-22,HFVE Zapletal Simon,Úložiště baterie,7.6,27.9,15.67,0.07,5.3,5.23,25.02,98.68,139.5,4,2024
2024-04-23,HFVE Zapletal Simon,Úložiště baterie,7.6,24.5,18.64,0.01,6.87,6.86,26.9,99.85,122.5,4,2024
2024-04-24,HFVE Zapletal Simon,Úložiště baterie,7.6,3.3,0.14,0.02,5.08,5.06,97.31,99.61,16.5,4,2024
2024-04-25,HFVE Zapletal Simon,Úložiště baterie,7.6,30.1,21.59,0.03,5.64,5.61,20.62,99.47,150.5,4,2024
2024-04-26,HFVE Zapletal Simon,Úložiště baterie,7.6,39.3,34.44,0.01,4.07,4.06,10.55,99.75,196.5,4,2024
2024-04-27,HFVE Zapletal Simon,Úložiště baterie,7.6,46.3,37.4,0.03,7.63,7.6,16.89,99.61,231.5,4,2024
2024-04-28,HFVE Zapletal Simon,Úložiště baterie,7.6,39.7,31.67,0.05,8.28,8.23,20.63,99.4,198.5,4,2024
2024-04-29,HFVE Zapletal Simon,Úložiště baterie,7.6,46,32.32,0.1,16.78,16.68,34.04,99.4,230,4,2024
2024-04-30,HFVE Zapletal Simon,Úložiště baterie,7.6,48.3,28.23,0.09,17.86,17.77,38.63,99.5,241.5,4,2024
2025-04-01,HFVE Zapletal Simon,Úložiště baterie,7.6,2,0.08,0.47,10.69,10.22,99.22,95.6,10,4,2025
2025-04-02,HFVE Zapletal Simon,Úložiště baterie,7.6,5.9,0.09,4.46,9.47,5.01,98.24,52.9,29.5,4,2025
2025-04-03,HFVE Zapletal Simon,Úložiště baterie,7.6,42.5,18.15,0.03,13.28,13.25,42.2,99.77,212.5,4,2025
2025-04-04,HFVE Zapletal Simon,Úložiště baterie,7.6,42.2,19.78,0.06,21.88,21.82,52.45,99.73,211,4,2025
2025-04-05,HFVE Zapletal Simon,Úložiště baterie,7.6,25.5,14.18,0.06,10.08,10.02,41.4,99.4,127.5,4,2025
2025-04-06,HFVE Zapletal Simon,Úložiště baterie,7.6,8.2,0.19,0.05,12.26,12.21,98.47,99.59,41,4,2025
2025-04-07,HFVE Zapletal Simon,Úložiště baterie,7.6,16.5,1.12,0.08,12.16,12.08,91.52,99.34,82.5,4,2025
2025-04-08,HFVE Zapletal Simon,Úložiště baterie,7.6,28.9,17.96,0.06,10.7,10.64,37.2,99.44,144.5,4,2025
2025-04-09,HFVE Zapletal Simon,Úložiště baterie,7.6,43.4,28.99,0.04,11.45,11.41,28.24,99.65,217,4,2025
2025-04-10,HFVE Zapletal Simon,Úložiště baterie,7.6,40.8,29.2,0.07,9.37,9.3,24.16,99.25,204,4,2025
2025-04-11,HFVE Zapletal Simon,Úložiště baterie,7.6,30.9,18.66,0.04,12.98,12.94,40.95,99.69,154.5,4,2025
2025-04-12,HFVE Zapletal Simon,Úložiště baterie,7.6,23.6,2.54,0.21,18.87,18.66,88.02,98.89,118,4,2025
2025-04-13,HFVE Zapletal Simon,Úložiště baterie,7.6,36,23.24,0.21,14.47,14.26,38.03,98.55,180,4,2025
2025-04-14,HFVE Zapletal Simon,Úložiště baterie,7.6,40,29.57,0.05,8.48,8.43,22.18,99.41,200,4,2025
2025-04-15,HFVE Zapletal Simon,Úložiště baterie,7.6,14.7,5.77,0.03,8.76,8.73,60.21,99.66,73.5,4,2025
2025-04-16,HFVE Zapletal Simon,Úložiště baterie,7.6,44.7,35.17,0.2,9.53,9.33,20.97,97.9,223.5,4,2025
2025-04-17,HFVE Zapletal Simon,Úložiště baterie,7.6,37,25.52,0.03,9.91,9.88,27.91,99.7,185,4,2025
2025-04-18,HFVE Zapletal Simon,Úložiště baterie,7.6,11.7,0.17,0.09,13.62,13.53,98.76,99.34,58.5,4,2025
2025-04-19,HFVE Zapletal Simon,Úložiště baterie,7.6,39.5,22.58,0.09,12.71,12.62,35.85,99.29,197.5,4,2025
2025-04-20,HFVE Zapletal Simon,Úložiště baterie,7.6,43.6,32.74,0.1,10.26,10.16,23.68,99.03,218,4,2025
2025-04-21,HFVE Zapletal Simon,Úložiště baterie,7.6,36.1,20.06,0.07,14.21,14.14,41.35,99.51,180.5,4,2025
2025-04-22,HFVE Zapletal Simon,Úložiště baterie,7.6,45,34.98,0.09,8.81,8.72,19.95,98.98,225,4,2025
2025-04-23,HFVE Zapletal Simon,Úložiště baterie,7.6,37.3,24.94,0.04,10.6,10.56,29.75,99.62,186.5,4,2025
2025-04-24,HFVE Zapletal Simon,Úložiště baterie,7.6,26.3,14.63,0.36,14.63,14.27,49.38,97.54,131.5,4,2025
2025-04-25,HFVE Zapletal Simon,Úložiště baterie,7.6,3.6,0.13,0.07,6.64,6.57,98.06,98.95,18,4,2025
2025-04-26,HFVE Zapletal Simon,Úložiště baterie,7.6,49.7,30.35,0.35,14.4,14.05,31.64,97.57,248.5,4,2025
2025-04-27,HFVE Zapletal Simon,Úložiště baterie,7.6,51.5,36.72,0.03,11.61,11.58,23.98,99.74,257.5,4,2025
2025-04-28,HFVE Zapletal Simon,Úložiště baterie,7.6,48.7,30.66,0.04,16.68,16.64,35.18,99.76,243.5,4,2025
2025-04-29,HFVE Zapletal Simon,Úložiště baterie,7.6,48.9,34.01,0.07,12.76,12.69,27.17,99.45,244.5,4,2025
2025-04-30,HFVE Zapletal Simon,Úložiště baterie,7.6,42.7,25.28,0.11,17.23,17.12,40.38,99.36,213.5,4,2025
2024-05-01,HFVE Zapletal Simon,Úložiště baterie,7.6,48.8,31.72,0.06,15.64,15.58,32.94,99.62,244,5,2024
2024-05-02,HFVE Zapletal Simon,Úložiště baterie,7.6,24.1,11.58,0.08,11.2,11.12,48.99,99.29,120.5,5,2024
2024-05-03,HFVE Zapletal Simon,Úložiště baterie,7.6,28.2,4.31,0.22,26.11,25.89,85.73,99.16,141,5,2024
2024-05-04,HFVE Zapletal Simon,Úložiště baterie,7.6,46.6,28.09,0.1,14.71,14.61,34.22,99.32,233,5,2024
2024-05-05,HFVE Zapletal Simon,Úložiště baterie,7.6,41.9,24.75,0.11,14.56,14.45,36.86,99.24,209.5,5,2024
2024-05-06,HFVE Zapletal Simon,Úložiště baterie,7.6,37.3,26.23,0.07,10.94,10.87,29.3,99.36,186.5,5,2024
2024-05-07,HFVE Zapletal Simon,Úložiště baterie,7.6,15.7,5.55,0.12,9.37,9.25,62.5,98.72,78.5,5,2024
2024-05-08,HFVE Zapletal Simon,Úložiště baterie,7.6,43.8,27.89,0.09,13.8,13.71,32.96,99.35,219,5,2024
2024-05-09,HFVE Zapletal Simon,Úložiště baterie,7.6,50.6,39.72,0.09,11.97,11.88,23.02,99.25,253,5,2024
2024-05-10,HFVE Zapletal Simon,Úložiště baterie,7.6,48.3,36.67,0.03,9.76,9.73,20.97,99.69,241.5,5,2024
2024-05-11,HFVE Zapletal Simon,Úložiště baterie,7.6,43.4,19.48,0.18,23.3,23.12,54.27,99.23,217,5,2024
2024-05-12,HFVE Zapletal Simon,Úložiště baterie,7.6,52.4,37.27,0.05,12.08,12.03,24.4,99.59,262,5,2024
2024-05-13,HFVE Zapletal Simon,Úložiště baterie,7.6,48.5,38.69,0.07,8.98,8.91,18.72,99.22,242.5,5,2024
2024-05-14,HFVE Zapletal Simon,Úložiště baterie,7.6,46.6,36.92,0.1,9.98,9.88,21.11,99,233,5,2024
2024-05-15,HFVE Zapletal Simon,Úložiště baterie,7.6,26.3,14.75,0.06,8.81,8.75,37.23,99.32,131.5,5,2024
2024-05-16,HFVE Zapletal Simon,Úložiště baterie,7.6,47.1,36.3,0.08,12.48,12.4,25.46,99.36,235.5,5,2024
2024-05-17,HFVE Zapletal Simon,Úložiště baterie,7.6,5.4,0.18,0.03,7.45,7.42,97.63,99.6,27,5,2024
2024-05-18,HFVE Zapletal Simon,Úložiště baterie,7.6,44.2,21.45,0.1,18.65,18.55,46.38,99.46,221,5,2024
2024-05-19,HFVE Zapletal Simon,Úložiště baterie,7.6,28.7,16.16,0.04,11.28,11.24,41.02,99.65,143.5,5,2024
2024-05-20,HFVE Zapletal Simon,Úložiště baterie,7.6,33.1,22.69,0.03,9.34,9.31,29.09,99.68,165.5,5,2024
2024-05-21,HFVE Zapletal Simon,Úložiště baterie,7.6,29.8,23.49,0.04,7.75,7.71,24.71,99.48,149,5,2024
2024-05-22,HFVE Zapletal Simon,Úložiště baterie,7.6,18.4,9.84,0.03,7.69,7.66,43.77,99.61,92,5,2024
2024-05-23,HFVE Zapletal Simon,Úložiště baterie,7.6,41.6,33.44,0.02,8.38,8.36,20,99.76,208,5,2024
2024-05-24,HFVE Zapletal Simon,Úložiště baterie,7.6,24.5,10.41,0.11,13.8,13.69,56.8,99.2,122.5,5,2024
2024-05-25,HFVE Zapletal Simon,Úložiště baterie,7.6,32.1,21.53,0.03,9.1,9.07,29.64,99.67,160.5,5,2024
2024-05-26,HFVE Zapletal Simon,Úložiště baterie,7.6,36.6,21.75,0.05,15.2,15.15,41.06,99.67,183,5,2024
2024-05-27,HFVE Zapletal Simon,Úložiště baterie,7.6,49.3,41.16,0.07,7.21,7.14,14.78,99.03,246.5,5,2024
2024-05-28,HFVE Zapletal Simon,Úložiště baterie,7.6,41.5,31.79,0.02,7.73,7.71,19.52,99.74,207.5,5,2024
2024-05-29,HFVE Zapletal Simon,Úložiště baterie,7.6,26.4,17.79,0.12,9.33,9.21,34.11,98.71,132,5,2024
2024-05-30,HFVE Zapletal Simon,Úložiště baterie,7.6,34.5,25.89,0.03,8.84,8.81,25.39,99.66,172.5,5,2024
2024-05-31,HFVE Zapletal Simon,Úložiště baterie,7.6,27.2,11.12,0.33,19.81,19.48,63.66,98.33,136,5,2024
2025-05-01,HFVE Zapletal Simon,Úložiště baterie,7.6,47.9,34.32,0.05,8.13,8.08,19.06,99.38,239.5,5,2025
2025-05-02,HFVE Zapletal Simon,Úložiště baterie,7.6,45.7,38.53,0.02,7.49,7.47,16.24,99.73,228.5,5,2025
2025-05-03,HFVE Zapletal Simon,Úložiště baterie,7.6,37.6,23.39,0.05,11.26,11.21,32.4,99.56,188,5,2025
2025-05-04,HFVE Zapletal Simon,Úložiště baterie,7.6,14.5,4.41,0.06,11.55,11.49,72.26,99.48,72.5,5,2025
2025-05-05,HFVE Zapletal Simon,Úložiště baterie,7.6,16.9,5.5,0.03,11.63,11.6,67.84,99.74,84.5,5,2025
2025-05-06,HFVE Zapletal Simon,Úložiště baterie,7.6,6.9,0.21,0.08,10.37,10.29,98,99.23,34.5,5,2025
2025-05-07,HFVE Zapletal Simon,Úložiště baterie,7.6,40.3,22.97,0.08,13.31,13.23,36.55,99.4,201.5,5,2025
2025-05-08,HFVE Zapletal Simon,Úložiště baterie,7.6,42.1,29.79,0.03,10.74,10.71,26.44,99.72,210.5,5,2025
2025-05-09,HFVE Zapletal Simon,Úložiště baterie,7.6,50.4,29.99,0.05,16.96,16.91,36.06,99.71,252,5,2025
2025-05-10,HFVE Zapletal Simon,Úložiště baterie,7.6,19.5,3.55,0.35,17.6,17.25,82.93,98.01,97.5,5,2025
2025-05-11,HFVE Zapletal Simon,Úložiště baterie,7.6,44.2,31.2,0.13,11.43,11.3,26.59,98.86,221,5,2025
2025-05-12,HFVE Zapletal Simon,Úložiště baterie,7.6,48.9,37.98,0.02,10.04,10.02,20.88,99.8,244.5,5,2025
2025-05-13,HFVE Zapletal Simon,Úložiště baterie,7.6,52,36.08,0.06,13.38,13.32,26.96,99.55,260,5,2025
2025-05-14,HFVE Zapletal Simon,Úložiště baterie,7.6,46.7,38.08,0.18,8.5,8.32,17.93,97.88,233.5,5,2025
2025-05-15,HFVE Zapletal Simon,Úložiště baterie,7.6,18.9,7.97,0.07,9,8.93,52.84,99.22,94.5,5,2025
2025-05-16,HFVE Zapletal Simon,Úložiště baterie,7.6,21.4,7.67,0.12,15.95,15.83,67.36,99.25,107,5,2025
2025-05-17,HFVE Zapletal Simon,Úložiště baterie,7.6,22.1,10.58,0.05,9.37,9.32,46.83,99.47,110.5,5,2025
2025-05-18,HFVE Zapletal Simon,Úložiště baterie,7.6,15.5,1.36,0.1,14.94,14.84,91.6,99.33,77.5,5,2025
2025-05-19,HFVE Zapletal Simon,Úložiště baterie,7.6,12.4,2.5,0.04,10.34,10.3,80.47,99.61,62,5,2025
2025-05-20,HFVE Zapletal Simon,Úložiště baterie,7.6,20.6,12.68,0.02,7.24,7.22,36.28,99.72,103,5,2025
2025-05-21,HFVE Zapletal Simon,Úložiště baterie,7.6,41.2,16.63,0.16,24.03,23.87,58.94,99.33,206,5,2025
2025-05-22,HFVE Zapletal Simon,Úložiště baterie,7.6,14.5,6.04,0.04,10.4,10.36,63.17,99.62,72.5,5,2025
2025-05-23,HFVE Zapletal Simon,Úložiště baterie,7.6,29.7,20.37,0.04,7.17,7.13,25.93,99.44,148.5,5,2025
2025-05-24,HFVE Zapletal Simon,Úložiště baterie,7.6,46.1,37,0.13,11.73,11.6,23.87,98.89,230.5,5,2025
2025-05-25,HFVE Zapletal Simon,Úložiště baterie,7.6,54.4,37.71,0.03,11.62,11.59,23.51,99.74,272,5,2025
2025-05-26,HFVE Zapletal Simon,Úložiště baterie,7.6,21.6,1.09,0.16,18.77,18.61,94.47,99.15,108,5,2025
2025-05-27,HFVE Zapletal Simon,Úložiště baterie,7.6,49.3,40.54,0.02,7.38,7.36,15.37,99.73,246.5,5,2025
2025-05-28,HFVE Zapletal Simon,Úložiště baterie,7.6,31.3,19.87,0.03,9.86,9.83,33.1,99.7,156.5,5,2025
2025-05-29,HFVE Zapletal Simon,Úložiště baterie,7.6,19.8,5.62,0.19,13.67,13.48,70.58,98.61,99,5,2025
2025-05-30,HFVE Zapletal Simon,Úložiště baterie,7.6,16,0.67,0.13,17.66,17.53,96.32,99.26,80,5,2025
2025-05-31,HFVE Zapletal Simon,Úložiště baterie,7.6,49.2,38.1,0.35,9.55,9.2,19.45,96.34,246,5,2025
2024-06-01,HFVE Zapletal Simon,Úložiště baterie,7.6,44,21.02,0.28,17.76,17.48,45.4,98.42,220,6,2024
2024-06-02,HFVE Zapletal Simon,Úložiště baterie,7.6,23.7,12.73,0.13,11.4,11.27,46.96,98.86,118.5,6,2024
2024-06-03,HFVE Zapletal Simon,Úložiště baterie,7.6,29.3,19.81,0.41,10.6,10.19,33.97,96.13,146.5,6,2024
2024-06-04,HFVE Zapletal Simon,Úložiště baterie,7.6,9.6,0.19,0.14,13.35,13.21,98.58,98.95,48,6,2024
2024-06-05,HFVE Zapletal Simon,Úložiště baterie,7.6,46.3,28.16,0.11,13.15,13.04,31.65,99.16,231.5,6,2024
2024-06-06,HFVE Zapletal Simon,Úložiště baterie,7.6,36.6,25.46,0.07,8.91,8.84,25.77,99.21,183,6,2024
2024-06-07,HFVE Zapletal Simon,Úložiště baterie,7.6,31.4,11.13,0.14,18.31,18.17,62.01,99.24,157,6,2024
2024-06-08,HFVE Zapletal Simon,Úložiště baterie,7.6,47.3,31.78,0.13,14.75,14.62,31.51,99.12,236.5,6,2024
2024-06-09,HFVE Zapletal Simon,Úložiště baterie,7.6,36,25.99,0.07,10.98,10.91,29.57,99.36,180,6,2024
2024-06-10,HFVE Zapletal Simon,Úložiště baterie,7.6,11.4,0.25,0.15,12.8,12.65,98.06,98.83,57,6,2024
2024-06-11,HFVE Zapletal Simon,Úložiště baterie,7.6,34.9,23.98,0.05,9.27,9.22,27.77,99.46,174.5,6,2024
2024-06-12,HFVE Zapletal Simon,Úložiště baterie,7.6,17.3,4.96,0.09,12.33,12.24,71.16,99.27,86.5,6,2024
2024-06-13,HFVE Zapletal Simon,Úložiště baterie,7.6,31.2,19.45,0.12,10.87,10.75,35.6,98.9,156,6,2024
2024-06-14,HFVE Zapletal Simon,Úložiště baterie,7.6,46.6,26.98,0.1,20.32,20.22,42.84,99.51,233,6,2024
2024-06-15,HFVE Zapletal Simon,Úložiště baterie,7.6,54.6,42.42,0.05,8.43,8.38,16.5,99.41,273,6,2024
2024-06-16,HFVE Zapletal Simon,Úložiště baterie,7.6,25.3,15.92,0.03,9.81,9.78,38.05,99.69,126.5,6,2024
2024-06-17,HFVE Zapletal Simon,Úložiště baterie,7.6,50.6,35.61,0.06,13.25,13.19,27.03,99.55,253,6,2024
2024-06-18,HFVE Zapletal Simon,Úložiště baterie,7.6,45.7,30.81,0.03,13.02,12.99,29.66,99.77,228.5,6,2024
2024-06-19,HFVE Zapletal Simon,Úložiště baterie,7.6,51.4,36.39,0.03,13.94,13.91,27.65,99.78,257,6,2024
2024-06-20,HFVE Zapletal Simon,Úložiště baterie,7.6,40.2,28.92,0.03,10.21,10.18,26.04,99.71,201,6,2024
2024-06-21,HFVE Zapletal Simon,Úložiště baterie,7.6,46,27.98,0.08,16.7,16.62,37.26,99.52,230,6,2024
2024-06-22,HFVE Zapletal Simon,Úložiště baterie,7.6,26.7,1.42,1.61,25.49,23.88,94.39,93.68,133.5,6,2024
2024-06-23,HFVE Zapletal Simon,Úložiště baterie,7.6,48.6,36.98,0.04,9.56,9.52,20.47,99.58,243,6,2024
2024-06-24,HFVE Zapletal Simon,Úložiště baterie,7.6,38,27.59,0.05,9.56,9.51,25.63,99.48,190,6,2024
2024-06-25,HFVE Zapletal Simon,Úložiště baterie,7.6,47.5,39.32,0.02,7.4,7.38,15.8,99.73,237.5,6,2024
2024-06-26,HFVE Zapletal Simon,Úložiště baterie,7.6,34.8,28.86,0.03,6.67,6.64,18.7,99.55,174,6,2024
2024-06-27,HFVE Zapletal Simon,Úložiště baterie,7.6,25.6,18.83,0.07,5.54,5.47,22.51,98.74,128,6,2024
2024-06-28,HFVE Zapletal Simon,Úložiště baterie,7.6,39,30.8,0.08,7.08,7,18.52,98.87,195,6,2024
2024-06-29,HFVE Zapletal Simon,Úložiště baterie,7.6,47.1,36.01,0.03,10.92,10.89,23.22,99.73,235.5,6,2024
2024-06-30,HFVE Zapletal Simon,Úložiště baterie,7.6,35.8,17.85,0.35,18.5,18.15,50.42,98.11,179,6,2024
2025-06-01,HFVE Zapletal Simon,Úložiště baterie,7.6,35.9,25.12,0.02,10.3,10.28,29.04,99.81,179.5,6,2025
2025-06-02,HFVE Zapletal Simon,Úložiště baterie,7.6,37.5,29.35,0.05,7.5,7.45,20.24,99.33,187.5,6,2025
2025-06-03,HFVE Zapletal Simon,Úložiště baterie,7.6,23.6,8.91,0.05,13.14,13.09,59.5,99.62,118,6,2025
2025-06-04,HFVE Zapletal Simon,Úložiště baterie,7.6,49.1,39.99,0.03,9.74,9.71,19.54,99.69,245.5,6,2025
2025-06-05,HFVE Zapletal Simon,Úložiště baterie,7.6,47.2,32.14,0.1,13.46,13.36,29.36,99.26,236,6,2025
2025-06-06,HFVE Zapletal Simon,Úložiště baterie,7.6,48.4,38.16,0.02,7.46,7.44,16.32,99.73,242,6,2025
2025-06-07,HFVE Zapletal Simon,Úložiště baterie,7.6,21.9,7.91,0.08,13.17,13.09,62.33,99.39,109.5,6,2025
2025-06-08,HFVE Zapletal Simon,Úložiště baterie,7.6,8.3,0.3,0.06,11.06,11,97.35,99.46,41.5,6,2025
2025-06-09,HFVE Zapletal Simon,Úložiště baterie,7.6,38.7,27.2,0.06,8.26,8.2,23.16,99.27,193.5,6,2025
2025-06-10,HFVE Zapletal Simon,Úložiště baterie,7.6,48,35.72,0.02,11.8,11.78,24.8,99.83,240,6,2025
2025-06-11,HFVE Zapletal Simon,Úložiště baterie,7.6,35.4,26.84,0.04,7,6.96,20.59,99.43,177,6,2025
2025-06-12,HFVE Zapletal Simon,Úložiště baterie,7.6,52.3,34.2,0.03,16.43,16.4,32.41,99.82,261.5,6,2025
2025-06-13,HFVE Zapletal Simon,Úložiště baterie,7.6,54.2,39.13,0.02,13.69,13.67,25.89,99.85,271,6,2025
2025-06-14,HFVE Zapletal Simon,Úložiště baterie,7.6,53.4,42.6,0.03,10.23,10.2,19.32,99.71,267,6,2025
2025-06-15,HFVE Zapletal Simon,Úložiště baterie,7.6,52.5,38.54,0.02,12.18,12.16,23.98,99.84,262.5,6,2025
2025-06-16,HFVE Zapletal Simon,Úložiště baterie,7.6,12.6,1.89,0.12,15.13,15.01,88.82,99.21,63,6,2025
2025-06-17,HFVE Zapletal Simon,Úložiště baterie,7.6,38,16.44,0.14,15.8,15.66,48.79,99.11,190,6,2025
2025-06-18,HFVE Zapletal Simon,Úložiště baterie,7.6,51.7,39.7,0.09,9.79,9.7,19.64,99.08,258.5,6,2025
2025-06-19,HFVE Zapletal Simon,Úložiště baterie,7.6,41.1,31.4,0.1,10.1,10,24.15,99.01,205.5,6,2025
2025-06-20,HFVE Zapletal Simon,Úložiště baterie,7.6,45.4,25.65,0.07,15.42,15.35,37.44,99.55,227,6,2025
2025-06-21,HFVE Zapletal Simon,Úložiště baterie,7.6,53,45.6,0.02,7.12,7.1,13.47,99.72,265,6,2025
2025-06-22,HFVE Zapletal Simon,Úložiště baterie,7.6,52.3,43.57,0.02,6.65,6.63,13.21,99.7,261.5,6,2025
2025-06-23,HFVE Zapletal Simon,Úložiště baterie,7.6,39.9,31.42,0.03,8.51,8.48,21.25,99.65,199.5,6,2025
2025-06-24,HFVE Zapletal Simon,Úložiště baterie,7.6,42.6,34.07,0.03,7.16,7.13,17.31,99.58,213,6,2025
2025-06-25,HFVE Zapletal Simon,Úložiště baterie,7.6,43.4,30.19,0.08,13.99,13.91,31.54,99.43,217,6,2025
2025-06-26,HFVE Zapletal Simon,Úložiště baterie,7.6,50.1,38.69,0.07,7.98,7.91,16.97,99.12,250.5,6,2025
2025-06-27,HFVE Zapletal Simon,Úložiště baterie,7.6,36.3,27.39,0.04,8.65,8.61,23.92,99.54,181.5,6,2025
2025-06-28,HFVE Zapletal Simon,Úložiště baterie,7.6,31.2,13.14,0.11,17.87,17.76,57.48,99.38,156,6,2025
2025-06-29,HFVE Zapletal Simon,Úložiště baterie,7.6,30.7,12.3,0.19,16.49,16.3,56.99,98.85,153.5,6,2025
2025-06-30,HFVE Zapletal Simon,Úložiště baterie,7.6,53,39.97,0.18,10.91,10.73,21.16,98.35,265,6,2025
2024-07-01,HFVE Zapletal Simon,Úložiště baterie,7.6,13.8,2.95,0.04,9.09,9.05,75.42,99.56,69,7,2024
2024-07-02,HFVE Zapletal Simon,Úložiště baterie,7.6,15.6,2.82,0.15,15.43,15.28,84.42,99.03,78,7,2024
2024-07-03,HFVE Zapletal Simon,Úložiště baterie,7.6,24.6,14.98,0.03,8.95,8.92,37.32,99.66,123,7,2024
2024-07-04,HFVE Zapletal Simon,Úložiště baterie,7.6,28.8,21.41,0.03,7.42,7.39,25.66,99.6,144,7,2024
2024-07-05,HFVE Zapletal Simon,Úložiště baterie,7.6,45.5,28.84,0.06,15.02,14.96,34.16,99.6,227.5,7,2024
2024-07-06,HFVE Zapletal Simon,Úložiště baterie,7.6,51.1,37,0.04,12.64,12.6,25.4,99.68,255.5,7,2024
2024-07-07,HFVE Zapletal Simon,Úložiště baterie,7.6,12.9,2.1,0.04,11.14,11.1,84.09,99.64,64.5,7,2024
2024-07-08,HFVE Zapletal Simon,Úložiště baterie,7.6,23.7,11.67,0.04,13.37,13.33,53.32,99.7,118.5,7,2024
2024-07-09,HFVE Zapletal Simon,Úložiště baterie,7.6,47.4,32.02,0.02,12.7,12.68,28.37,99.84,237,7,2024
2024-07-10,HFVE Zapletal Simon,Úložiště baterie,7.6,47.6,34.07,0.03,12.06,12.03,26.1,99.75,238,7,2024
2024-07-11,HFVE Zapletal Simon,Úložiště baterie,7.6,37.2,25.04,0.07,12.63,12.56,33.4,99.45,186,7,2024
2024-07-12,HFVE Zapletal Simon,Úložiště baterie,7.6,30.6,20.97,0.04,7.67,7.63,26.68,99.48,153,7,2024
2024-07-13,HFVE Zapletal Simon,Úložiště baterie,7.6,25.6,5.85,0.12,19.87,19.75,77.15,99.4,128,7,2024
2024-07-14,HFVE Zapletal Simon,Úložiště baterie,7.6,44.1,23.63,0.06,19.93,19.87,45.68,99.7,220.5,7,2024
2024-07-15,HFVE Zapletal Simon,Úložiště baterie,7.6,30.5,14.15,0.06,15.81,15.75,52.68,99.62,152.5,7,2024
2024-07-16,HFVE Zapletal Simon,Úložiště baterie,7.6,42.3,29.18,0.06,11.88,11.82,28.83,99.49,211.5,7,2024
2024-07-17,HFVE Zapletal Simon,Úložiště baterie,7.6,32.3,18.08,0.05,11.67,11.62,39.12,99.57,161.5,7,2024
2024-07-18,HFVE Zapletal Simon,Úložiště baterie,7.6,50,41.8,0.02,6.12,6.1,12.73,99.67,250,7,2024
2024-07-19,HFVE Zapletal Simon,Úložiště baterie,7.6,47,34.15,0.01,11.86,11.85,25.76,99.92,235,7,2024
2024-07-20,HFVE Zapletal Simon,Úložiště baterie,7.6,31.8,23.36,0.02,8.36,8.34,26.31,99.76,159,7,2024
2024-07-21,HFVE Zapletal Simon,Úložiště baterie,7.6,43.9,34.62,0.02,8.9,8.88,20.41,99.78,219.5,7,2024
2024-07-22,HFVE Zapletal Simon,Úložiště baterie,7.6,43.2,34.1,0.04,7.84,7.8,18.62,99.49,216,7,2024
2024-07-23,HFVE Zapletal Simon,Úložiště baterie,7.6,40,32.21,0.01,6.2,6.19,16.12,99.84,200,7,2024
2024-07-24,HFVE Zapletal Simon,Úložiště baterie,7.6,19,11.4,0.05,12.05,12,51.28,99.59,95,7,2024
2024-07-25,HFVE Zapletal Simon,Úložiště baterie,7.6,28,11.59,0.14,13.65,13.51,53.82,98.97,140,7,2024
2024-07-26,HFVE Zapletal Simon,Úložiště baterie,7.6,48.2,33.41,0.03,12.52,12.49,27.21,99.76,241,7,2024
2024-07-27,HFVE Zapletal Simon,Úložiště baterie,7.6,47.9,28.9,0.11,17.81,17.7,37.98,99.38,239.5,7,2024
2024-07-28,HFVE Zapletal Simon,Úložiště baterie,7.6,15,0.36,0.22,14.86,14.64,97.6,98.52,75,7,2024
2024-07-29,HFVE Zapletal Simon,Úložiště baterie,7.6,41,27.2,0.06,12.66,12.6,31.66,99.53,205,7,2024
2024-07-30,HFVE Zapletal Simon,Úložiště baterie,7.6,49.3,38.13,0.16,11.63,11.47,23.12,98.62,246.5,7,2024
2024-07-31,HFVE Zapletal Simon,Úložiště baterie,7.6,47.2,35.46,0.04,10.08,10.04,22.07,99.6,236,7,2024
2024-08-01,HFVE Zapletal Simon,Úložiště baterie,7.6,17.4,6.64,0.17,9.03,8.86,57.16,98.12,87,8,2024
2024-08-02,HFVE Zapletal Simon,Úložiště baterie,7.6,18,6.63,0.09,13.26,13.17,66.52,99.32,90,8,2024
2024-08-03,HFVE Zapletal Simon,Úložiště baterie,7.6,24.1,14.54,0.1,9.26,9.16,38.65,98.92,120.5,8,2024
2024-08-04,HFVE Zapletal Simon,Úložiště baterie,7.6,31,9.82,0.12,20,19.88,66.94,99.4,155,8,2024
2024-08-05,HFVE Zapletal Simon,Úložiště baterie,7.6,13.7,0.21,0.14,16.33,16.19,98.72,99.14,68.5,8,2024
2024-08-06,HFVE Zapletal Simon,Úložiště baterie,7.6,48.7,29.41,0.05,14.14,14.09,32.39,99.65,243.5,8,2024
2024-08-07,HFVE Zapletal Simon,Úložiště baterie,7.6,43.8,32.16,0.06,10.9,10.84,25.21,99.45,219,8,2024
2024-08-08,HFVE Zapletal Simon,Úložiště baterie,7.6,24.1,15.63,0.06,9.33,9.27,37.23,99.36,120.5,8,2024
2024-08-09,HFVE Zapletal Simon,Úložiště baterie,7.6,43.1,27.89,0.07,10.78,10.71,27.75,99.35,215.5,8,2024
2024-08-10,HFVE Zapletal Simon,Úložiště baterie,7.6,43.2,26.69,0.07,16.48,16.41,38.07,99.58,216,8,2024
2024-08-11,HFVE Zapletal Simon,Úložiště baterie,7.6,45.5,25.39,0.15,19.66,19.51,43.45,99.24,227.5,8,2024
2024-08-12,HFVE Zapletal Simon,Úložiště baterie,7.6,45.8,33.16,0.03,9.77,9.74,22.7,99.69,229,8,2024
2024-08-13,HFVE Zapletal Simon,Úložiště baterie,7.6,45.7,29.93,0.03,13.3,13.27,30.72,99.77,228.5,8,2024
2024-08-14,HFVE Zapletal Simon,Úložiště baterie,7.6,42.2,29.67,0.04,12.77,12.73,30.02,99.69,211,8,2024
2024-08-15,HFVE Zapletal Simon,Úložiště baterie,7.6,19.6,8.74,0.11,10.17,10.06,53.51,98.92,98,8,2024
2024-08-16,HFVE Zapletal Simon,Úložiště baterie,7.6,41.9,25.11,0.08,14.77,14.69,36.91,99.46,209.5,8,2024
2024-08-17,HFVE Zapletal Simon,Úložiště baterie,7.6,26.6,14.18,0.1,12.82,12.72,47.29,99.22,133,8,2024
2024-08-18,HFVE Zapletal Simon,Úložiště baterie,7.6,28.6,11.45,0.09,16.34,16.25,58.66,99.45,143,8,2024
2024-08-19,HFVE Zapletal Simon,Úložiště baterie,7.6,17.4,7.53,0.08,10.65,10.57,58.4,99.25,87,8,2024
2024-08-20,HFVE Zapletal Simon,Úložiště baterie,7.6,22.9,6.47,0.04,14.07,14.03,68.44,99.72,114.5,8,2024
2024-08-21,HFVE Zapletal Simon,Úložiště baterie,7.6,11.7,2.51,0.03,9.92,9.89,79.76,99.7,58.5,8,2024
2024-08-22,HFVE Zapletal Simon,Úložiště baterie,7.6,31.9,16.32,0.06,15.34,15.28,48.35,99.61,159.5,8,2024
2024-08-23,HFVE Zapletal Simon,Úložiště baterie,7.6,42.5,28.42,0.03,10.81,10.78,27.5,99.72,212.5,8,2024
2024-08-24,HFVE Zapletal Simon,Úložiště baterie,7.6,41,32.1,0.03,8.93,8.9,21.71,99.66,205,8,2024
2024-08-25,HFVE Zapletal Simon,Úložiště baterie,7.6,37.6,25.2,0.03,10.33,10.3,29.01,99.71,188,8,2024
2024-08-26,HFVE Zapletal Simon,Úložiště baterie,7.6,33.3,23.15,0.04,9.39,9.35,28.77,99.57,166.5,8,2024
2024-08-27,HFVE Zapletal Simon,Úložiště baterie,7.6,38.3,21.83,0.14,18.61,18.47,45.83,99.25,191.5,8,2024
2024-08-28,HFVE Zapletal Simon,Úložiště baterie,7.6,36.7,22.42,0.05,12.13,12.08,35.01,99.59,183.5,8,2024
2024-08-29,HFVE Zapletal Simon,Úložiště baterie,7.6,37,25.62,0.09,10.77,10.68,29.42,99.16,185,8,2024
2024-08-30,HFVE Zapletal Simon,Úložiště baterie,7.6,38.8,9.99,0.39,24.8,24.41,70.96,98.43,194,8,2024
2024-08-31,HFVE Zapletal Simon,Úložiště baterie,7.6,34.9,27.11,0.06,7.35,7.29,21.19,99.18,174.5,8,2024
2023-09-01,HFVE Zapletal Simon,Úložiště baterie,7.6,22.4,14.49,0.42,7.83,7.41,33.84,94.64,112,9,2023
2023-09-02,HFVE Zapletal Simon,Úložiště baterie,7.6,31.5,16.28,0.73,15.15,14.42,46.97,95.18,157.5,9,2023
2023-09-03,HFVE Zapletal Simon,Úložiště baterie,7.6,22.6,9.12,0.54,14.22,13.68,60,96.2,113,9,2023
2023-09-04,HFVE Zapletal Simon,Úložiště baterie,7.6,31.9,21.06,0.38,10.72,10.34,32.93,96.46,159.5,9,2023
2023-09-05,HFVE Zapletal Simon,Úložiště baterie,7.6,40.8,24.23,0.21,15.08,14.87,38.03,98.61,204,9,2023
2023-09-06,HFVE Zapletal Simon,Úložiště baterie,7.6,40.7,25.91,0.18,13.47,13.29,33.9,98.66,203.5,9,2023
2023-09-07,HFVE Zapletal Simon,Úložiště baterie,7.6,40.8,31.16,0.29,8.33,8.04,20.51,96.52,204,9,2023
2023-09-08,HFVE Zapletal Simon,Úložiště baterie,7.6,39,27.1,0.29,11.49,11.2,29.24,97.48,195,9,2023
2023-09-09,HFVE Zapletal Simon,Úložiště baterie,7.6,38.4,21.74,0.61,16.37,15.76,42.03,96.27,192,9,2023
2023-09-10,HFVE Zapletal Simon,Úložiště baterie,7.6,38.2,15.69,0.81,22.82,22.01,58.38,96.45,191,9,2023
2023-09-11,HFVE Zapletal Simon,Úložiště baterie,7.6,37.2,27.95,0.31,7.36,7.05,20.14,95.79,186,9,2023
2023-09-12,HFVE Zapletal Simon,Úložiště baterie,7.6,34.7,27.55,0.4,6.55,6.15,18.25,93.89,173.5,9,2023
2023-09-13,HFVE Zapletal Simon,Úložiště baterie,7.6,31.1,25.45,0.18,6.73,6.55,20.47,97.33,155.5,9,2023
2023-09-14,HFVE Zapletal Simon,Úložiště baterie,7.6,9.6,0.41,0.38,13.47,13.09,96.96,97.18,48,9,2023
2023-09-15,HFVE Zapletal Simon,Úložiště baterie,7.6,36.4,21.29,0.35,9.26,8.91,29.5,96.22,182,9,2023
2023-09-16,HFVE Zapletal Simon,Úložiště baterie,7.6,33.7,16.15,0.59,17.24,16.65,50.76,96.58,168.5,9,2023
2023-09-17,HFVE Zapletal Simon,Úložiště baterie,7.6,38.6,25.98,0.18,12.1,11.92,31.45,98.51,193,9,2023
2023-09-18,HFVE Zapletal Simon,Úložiště baterie,7.6,33,21.47,0.23,10.96,10.73,33.32,97.9,165,9,2023
2023-09-19,HFVE Zapletal Simon,Úložiště baterie,7.6,13.3,4.6,0.18,9.18,9,66.18,98.04,66.5,9,2023
2023-09-20,HFVE Zapletal Simon,Úložiště baterie,7.6,36.2,23.14,0.32,12.08,11.76,33.7,97.35,181,9,2023
2023-09-21,HFVE Zapletal Simon,Úložiště baterie,7.6,35.6,27.5,0.18,7.78,7.6,21.65,97.69,178,9,2023
2023-09-22,HFVE Zapletal Simon,Úložiště baterie,7.6,30.5,18.75,0.17,10.52,10.35,35.57,98.38,152.5,9,2023
2023-09-23,HFVE Zapletal Simon,Úložiště baterie,7.6,5.5,0.29,0.62,14.33,13.71,97.93,95.67,27.5,9,2023
2023-09-24,HFVE Zapletal Simon,Úložiště baterie,7.6,5.6,0.24,5.63,13.19,7.56,96.92,57.32,28,9,2023
2023-09-25,HFVE Zapletal Simon,Úložiště baterie,7.6,25.4,7.75,2.2,8.95,6.75,46.55,75.42,127,9,2023
2023-09-26,HFVE Zapletal Simon,Úložiště baterie,7.6,29.1,17.75,0.41,11.26,10.85,37.94,96.36,145.5,9,2023
2023-09-27,HFVE Zapletal Simon,Úložiště baterie,7.6,33.8,23.22,0.29,9.37,9.08,28.11,96.91,169,9,2023
2023-09-28,HFVE Zapletal Simon,Úložiště baterie,7.6,34.4,10.97,0.56,22.99,22.43,67.16,97.56,172,9,2023
2023-09-29,HFVE Zapletal Simon,Úložiště baterie,7.6,33.3,15.53,0.62,17.39,16.77,51.92,96.43,166.5,9,2023
2023-09-30,HFVE Zapletal Simon,Úložiště baterie,7.6,2.9,0.31,0.39,10.38,9.99,96.99,96.24,14.5,9,2023
2024-09-01,HFVE Zapletal Simon,Úložiště baterie,7.6,31.4,22.1,0.05,12.95,12.9,36.86,99.61,157,9,2024
2024-09-02,HFVE Zapletal Simon,Úložiště baterie,7.6,35.8,20.34,0.1,11.86,11.76,36.64,99.16,179,9,2024
2024-09-03,HFVE Zapletal Simon,Úložiště baterie,7.6,30.6,16.75,0.03,11.98,11.95,41.64,99.75,153,9,2024
2024-09-04,HFVE Zapletal Simon,Úložiště baterie,7.6,32,21.83,0.04,9.41,9.37,30.03,99.57,160,9,2024
2024-09-05,HFVE Zapletal Simon,Úložiště baterie,7.6,35.5,25.86,0.03,7.77,7.74,23.04,99.61,177.5,9,2024
2024-09-06,HFVE Zapletal Simon,Úložiště baterie,7.6,36.8,18.93,0.05,17.72,17.67,48.28,99.72,184,9,2024
2024-09-07,HFVE Zapletal Simon,Úložiště baterie,7.6,35.3,21.01,0.03,13.72,13.69,39.45,99.78,176.5,9,2024
2024-09-08,HFVE Zapletal Simon,Úložiště baterie,7.6,32.7,22.51,0.04,9.33,9.29,29.21,99.57,163.5,9,2024
2024-09-09,HFVE Zapletal Simon,Úložiště baterie,7.6,5.3,0.12,0.11,9.09,8.98,98.68,98.79,26.5,9,2024
2024-09-10,HFVE Zapletal Simon,Úložiště baterie,7.6,10.8,0.26,0.11,11.05,10.94,97.68,99,54,9,2024
2024-09-11,HFVE Zapletal Simon,Úložiště baterie,7.6,35.7,19.72,0.11,12.39,12.28,38.38,99.11,178.5,9,2024
2024-09-12,HFVE Zapletal Simon,Úložiště baterie,7.6,1.4,0.09,2.44,11.25,8.81,98.99,78.31,7,9,2024
2024-09-13,HFVE Zapletal Simon,Úložiště baterie,7.6,1.1,0.08,14.29,25.21,10.92,99.27,43.32,5.5,9,2024
2024-09-14,HFVE Zapletal Simon,Úložiště baterie,7.6,1.5,0.1,12.87,27.17,14.3,99.31,52.63,7.5,9,2024
2024-09-15,HFVE Zapletal Simon,Úložiště baterie,7.6,10.9,8.41,19.48,26.77,7.29,46.43,27.23,54.5,9,2024
2024-09-16,HFVE Zapletal Simon,Úložiště baterie,7.6,4.6,0.25,6.58,17.83,11.25,97.83,63.1,23,9,2024
2024-09-17,HFVE Zapletal Simon,Úložiště baterie,7.6,15.9,0.21,0.09,12.58,12.49,98.35,99.28,79.5,9,2024
2024-09-18,HFVE Zapletal Simon,Úložiště baterie,7.6,31,14.99,0.05,14.56,14.51,49.19,99.66,155,9,2024
2024-09-19,HFVE Zapletal Simon,Úložiště baterie,7.6,33.7,17.21,0.09,16.88,16.79,49.38,99.47,168.5,9,2024
2024-09-20,HFVE Zapletal Simon,Úložiště baterie,7.6,35.1,21.3,0.04,11.34,11.3,34.66,99.65,175.5,9,2024
2024-09-21,HFVE Zapletal Simon,Úložiště baterie,7.6,36.6,17.49,0.12,18.63,18.51,51.42,99.36,183,9,2024
2024-09-22,HFVE Zapletal Simon,Úložiště baterie,7.6,36.8,25,0.03,10.83,10.8,30.17,99.72,184,9,2024
2024-09-23,HFVE Zapletal Simon,Úložiště baterie,7.6,31.5,18.76,0.07,12.21,12.14,39.29,99.43,157.5,9,2024
2024-09-24,HFVE Zapletal Simon,Úložiště baterie,7.6,12.7,0.23,0.14,15.41,15.27,98.52,99.09,63.5,9,2024
2024-09-25,HFVE Zapletal Simon,Úložiště baterie,7.6,31.3,17.46,0.02,9.36,9.34,34.85,99.79,156.5,9,2024
2024-09-26,HFVE Zapletal Simon,Úložiště baterie,7.6,15.9,0.3,0.14,21.54,21.4,98.62,99.35,79.5,9,2024
2024-09-27,HFVE Zapletal Simon,Úložiště baterie,7.6,13.5,0.14,0.68,11.84,11.16,98.76,94.26,67.5,9,2024
2024-09-28,HFVE Zapletal Simon,Úložiště baterie,7.6,13.4,0.21,0.08,8.67,8.59,97.61,99.08,67,9,2024
2024-09-29,HFVE Zapletal Simon,Úložiště baterie,7.6,15.5,4.1,0.17,11.67,11.5,73.72,98.54,77.5,9,2024
2024-09-30,HFVE Zapletal Simon,Úložiště baterie,7.6,26.6,18.91,0.02,7.21,7.19,27.55,99.72,133,9,2024
2023-10-01,HFVE Zapletal Simon,Úložiště baterie,7.6,20.1,3.62,0.42,8.9,8.48,70.08,95.28,100.5,10,2023
2023-10-02,HFVE Zapletal Simon,Úložiště baterie,7.6,26.1,12.02,0.42,14.4,13.98,53.77,97.08,130.5,10,2023
2023-10-03,HFVE Zapletal Simon,Úložiště baterie,7.6,32.3,24.92,0.14,6.72,6.58,20.89,97.92,161.5,10,2023
2023-10-04,HFVE Zapletal Simon,Úložiště baterie,7.6,29.8,20.05,0.37,9.42,9.05,31.1,96.07,149,10,2023
2023-10-05,HFVE Zapletal Simon,Úložiště baterie,7.6,27.4,20.35,0.15,7,6.85,25.18,97.86,137,10,2023
2023-10-06,HFVE Zapletal Simon,Úložiště baterie,7.6,27,20.39,0.23,5.94,5.71,21.88,96.13,135,10,2023
2023-10-07,HFVE Zapletal Simon,Úložiště baterie,7.6,22.7,9.1,0.79,18.09,17.3,65.53,95.63,113.5,10,2023
2023-10-08,HFVE Zapletal Simon,Úložiště baterie,7.6,13.8,0.48,0.46,11.08,10.62,95.68,95.85,69,10,2023
2023-10-09,HFVE Zapletal Simon,Úložiště baterie,7.6,1,0.17,0.59,9.32,8.73,98.09,93.67,5,10,2023
2023-10-10,HFVE Zapletal Simon,Úložiště baterie,7.6,8,0.25,1.47,7.82,6.35,96.21,81.2,40,10,2023
2023-10-11,HFVE Zapletal Simon,Úložiště baterie,7.6,25.1,9.62,0.14,7.72,7.58,44.07,98.19,125.5,10,2023
2023-10-12,HFVE Zapletal Simon,Úložiště baterie,7.6,24.4,15.92,0.27,8.25,7.98,33.39,96.73,122,10,2023
2023-10-13,HFVE Zapletal Simon,Úložiště baterie,7.6,16.7,6.42,0.32,11.1,10.78,62.67,97.12,83.5,10,2023
2023-10-14,HFVE Zapletal Simon,Úložiště baterie,7.6,23.5,3.48,0.47,22.39,21.92,86.3,97.9,117.5,10,2023
2023-10-15,HFVE Zapletal Simon,Úložiště baterie,7.6,21.3,9.1,0.24,9.14,8.9,49.44,97.37,106.5,10,2023
2023-10-16,HFVE Zapletal Simon,Úložiště baterie,7.6,15.3,7.2,0.18,10.38,10.2,58.62,98.27,76.5,10,2023
2023-10-17,HFVE Zapletal Simon,Úložiště baterie,7.6,23.6,11.69,0.19,9.4,9.21,44.07,97.98,118,10,2023
2023-10-18,HFVE Zapletal Simon,Úložiště baterie,7.6,29.3,21.07,0.13,6.56,6.43,23.38,98.02,146.5,10,2023
2023-10-19,HFVE Zapletal Simon,Úložiště baterie,7.6,3.8,0.25,0.41,13.16,12.75,98.08,96.88,19,10,2023
2023-10-20,HFVE Zapletal Simon,Úložiště baterie,7.6,8.8,0.25,0.17,6.72,6.55,96.32,97.47,44,10,2023
2023-10-21,HFVE Zapletal Simon,Úložiště baterie,7.6,16,0.32,2.3,14.88,12.58,97.52,84.54,80,10,2023
2023-10-22,HFVE Zapletal Simon,Úložiště baterie,7.6,3,0.33,0.28,9.75,9.47,96.63,97.13,15,10,2023
2023-10-23,HFVE Zapletal Simon,Úložiště baterie,7.6,21.6,4.01,1.21,8,6.79,62.87,84.88,108,10,2023
2023-10-24,HFVE Zapletal Simon,Úložiště baterie,7.6,13.8,5.31,0.24,9.73,9.49,64.12,97.53,69,10,2023
2023-10-25,HFVE Zapletal Simon,Úložiště baterie,7.6,10.4,0.41,0.25,8.64,8.39,95.34,97.11,52,10,2023
2023-10-26,HFVE Zapletal Simon,Úložiště baterie,7.6,12.5,4.55,0.04,7.69,7.65,62.7,99.48,62.5,10,2023
2023-10-27,HFVE Zapletal Simon,Úložiště baterie,7.6,0.8,0.09,7.55,18.26,10.71,99.17,58.65,4,10,2023
2023-10-28,HFVE Zapletal Simon,Úložiště baterie,7.6,13.7,0.17,1.43,7.96,6.53,97.46,82.04,68.5,10,2023
2023-10-29,HFVE Zapletal Simon,Úložiště baterie,7.6,21.8,6.18,0.05,12.17,12.12,66.23,99.59,109,10,2023
2023-10-30,HFVE Zapletal Simon,Úložiště baterie,7.6,10.7,2.67,0.03,8.16,8.13,75.28,99.63,53.5,10,2023
2023-10-31,HFVE Zapletal Simon,Úložiště baterie,7.6,1.7,0.12,0.02,4.8,4.78,97.55,99.58,8.5,10,2023
2024-10-01,HFVE Zapletal Simon,Úložiště baterie,7.6,27.2,18.98,0.07,7.99,7.92,29.44,99.12,136,10,2024
2024-10-02,HFVE Zapletal Simon,Úložiště baterie,7.6,3.9,0.14,0.04,8.1,8.06,98.29,99.51,19.5,10,2024
2024-10-03,HFVE Zapletal Simon,Úložiště baterie,7.6,9.3,0.19,0.07,13.88,13.81,98.64,99.5,46.5,10,2024
2024-10-04,HFVE Zapletal Simon,Úložiště baterie,7.6,2.5,0.03,12.66,16.03,3.37,99.12,21.02,12.5,10,2024
2024-10-05,HFVE Zapletal Simon,Úložiště baterie,7.6,1.7,0.03,9.55,11.52,1.97,98.5,17.1,8.5,10,2024
2024-10-06,HFVE Zapletal Simon,Úložiště baterie,7.6,5,0.11,2.99,8.48,5.49,98.04,64.74,25,10,2024
2024-10-07,HFVE Zapletal Simon,Úložiště baterie,7.6,31.4,11.38,2.39,11.31,8.92,43.94,78.87,157,10,2024
2024-10-08,HFVE Zapletal Simon,Úložiště baterie,7.6,22.8,10.14,0.06,11.92,11.86,53.91,99.5,114,10,2024
2024-10-09,HFVE Zapletal Simon,Úložiště baterie,7.6,7.1,0.43,0.03,6.6,6.57,93.86,99.55,35.5,10,2024
2024-10-10,HFVE Zapletal Simon,Úložiště baterie,7.6,18.1,7.27,0.05,11.98,11.93,62.14,99.58,90.5,10,2024
2024-10-11,HFVE Zapletal Simon,Úložiště baterie,7.6,11.5,0.58,0.02,8.84,8.82,93.83,99.77,57.5,10,2024
2024-10-12,HFVE Zapletal Simon,Úložiště baterie,7.6,24.7,8.29,0.14,16.85,16.71,66.84,99.17,123.5,10,2024
2024-10-13,HFVE Zapletal Simon,Úložiště baterie,7.6,6.6,0.17,0.06,8.59,8.53,98.05,99.3,33,10,2024
2024-10-14,HFVE Zapletal Simon,Úložiště baterie,7.6,24.7,11.71,0.04,8.43,8.39,41.74,99.53,123.5,10,2024
2024-10-15,HFVE Zapletal Simon,Úložiště baterie,7.6,17.9,9.54,0.03,10.99,10.96,53.46,99.73,89.5,10,2024
2024-10-16,HFVE Zapletal Simon,Úložiště baterie,7.6,29.9,19.69,0.03,6.84,6.81,25.7,99.56,149.5,10,2024
2024-10-17,HFVE Zapletal Simon,Úložiště baterie,7.6,25.4,14.21,0.03,11.42,11.39,44.49,99.74,127,10,2024
2024-10-18,HFVE Zapletal Simon,Úložiště baterie,7.6,26.8,13.31,0.04,10.83,10.79,44.77,99.63,134,10,2024
2024-10-19,HFVE Zapletal Simon,Úložiště baterie,7.6,24,15.43,0.06,8.43,8.37,35.17,99.29,120,10,2024
2024-10-20,HFVE Zapletal Simon,Úložiště baterie,7.6,26.2,14.57,0.03,11.76,11.73,44.6,99.74,131,10,2024
2024-10-21,HFVE Zapletal Simon,Úložiště baterie,7.6,25.9,14.59,0.02,10.93,10.91,42.78,99.82,129.5,10,2024
2024-10-22,HFVE Zapletal Simon,Úložiště baterie,7.6,27.1,19.01,0.03,7.72,7.69,28.8,99.61,135.5,10,2024
2024-10-23,HFVE Zapletal Simon,Úložiště baterie,7.6,4.4,0.11,0.04,8.33,8.29,98.69,99.52,22,10,2024
2024-10-24,HFVE Zapletal Simon,Úložiště baterie,7.6,23.1,8.07,0.1,16.23,16.13,66.65,99.38,115.5,10,2024
2024-10-25,HFVE Zapletal Simon,Úložiště baterie,7.6,21.4,6.84,0.78,10.44,9.66,58.55,92.53,107,10,2024
2024-10-26,HFVE Zapletal Simon,Úložiště baterie,7.6,5,0.13,0.12,11.89,11.77,98.91,98.99,25,10,2024
2024-10-27,HFVE Zapletal Simon,Úložiště baterie,7.6,20.9,4.59,4.71,16.32,11.61,71.67,71.14,104.5,10,2024
2024-10-28,HFVE Zapletal Simon,Úložiště baterie,7.6,6,0.15,0.98,10.83,9.85,98.5,90.95,30,10,2024
2024-10-29,HFVE Zapletal Simon,Úložiště baterie,7.6,6.7,0.09,2,7.71,5.71,98.45,74.06,33.5,10,2024
2024-10-30,HFVE Zapletal Simon,Úložiště baterie,7.6,4,0.06,10.26,15.4,5.14,98.85,33.38,20,10,2024
2024-10-31,HFVE Zapletal Simon,Úložiště baterie,7.6,4.7,0.1,2.42,7.22,4.8,97.96,66.48,23.5,10,2024
2023-11-01,HFVE Zapletal Simon,Úložiště baterie,7.6,18.1,4.1,0.04,9.64,9.6,70.07,99.59,90.5,11,2023
2023-11-02,HFVE Zapletal Simon,Úložiště baterie,7.6,19.4,11.86,0.04,6.98,6.94,36.91,99.43,97,11,2023
2023-11-03,HFVE Zapletal Simon,Úložiště baterie,7.6,1,0.09,0.03,7.84,7.81,98.86,99.62,5,11,2023
2023-11-04,HFVE Zapletal Simon,Úložiště baterie,7.6,16.4,3.38,0.04,5.56,5.52,62.02,99.28,82,11,2023
2023-11-05,HFVE Zapletal Simon,Úložiště baterie,7.6,5.4,0.15,0.03,7.38,7.35,98,99.59,27,11,2023
2023-11-06,HFVE Zapletal Simon,Úložiště baterie,7.6,10.3,2.05,0.03,5.48,5.45,72.67,99.45,51.5,11,2023
2023-11-07,HFVE Zapletal Simon,Úložiště baterie,7.6,20,8.44,0.06,10.52,10.46,55.34,99.43,100,11,2023
2023-11-08,HFVE Zapletal Simon,Úložiště baterie,7.6,12.3,7.72,0.02,4.7,4.68,37.74,99.57,61.5,11,2023
2023-11-09,HFVE Zapletal Simon,Úložiště baterie,7.6,19.2,11.94,0.02,8.68,8.66,42.04,99.77,96,11,2023
2023-11-10,HFVE Zapletal Simon,Úložiště baterie,7.6,2.5,0.12,0.04,7.42,7.38,98.4,99.46,12.5,11,2023
2023-11-11,HFVE Zapletal Simon,Úložiště baterie,7.6,7.1,0.16,0.08,7.12,7.04,97.78,98.88,35.5,11,2023
2023-11-12,HFVE Zapletal Simon,Úložiště baterie,7.6,4.4,0.2,1.39,9.69,8.3,97.65,85.66,22,11,2023
2023-11-13,HFVE Zapletal Simon,Úložiště baterie,7.6,8.1,0.15,4.42,12.77,8.35,98.24,65.39,40.5,11,2023
2023-11-14,HFVE Zapletal Simon,Úložiště baterie,7.6,7.7,0.11,1.39,5.58,4.19,97.44,75.09,38.5,11,2023
2023-11-15,HFVE Zapletal Simon,Úložiště baterie,7.6,2.1,0.11,0.06,5.75,5.69,98.1,98.96,10.5,11,2023
2023-11-16,HFVE Zapletal Simon,Úložiště baterie,7.6,8.1,0.13,4.94,12.71,7.77,98.35,61.13,40.5,11,2023
2023-11-17,HFVE Zapletal Simon,Úložiště baterie,7.6,1.1,0.02,6.52,8.1,1.58,98.75,19.51,5.5,11,2023
2023-11-18,HFVE Zapletal Simon,Úložiště baterie,7.6,1.4,0.04,7.56,9.32,1.76,97.78,18.88,7,11,2023
2023-11-19,HFVE Zapletal Simon,Úložiště baterie,7.6,2,0.04,17.21,20.07,2.86,98.62,14.25,10,11,2023
2023-11-20,HFVE Zapletal Simon,Úložiště baterie,7.6,1.5,0.03,9.52,11.09,1.57,98.12,14.16,7.5,11,2023
2023-11-21,HFVE Zapletal Simon,Úložiště baterie,7.6,4.9,0.17,1.52,5.75,4.23,96.14,73.57,24.5,11,2023
2023-11-22,HFVE Zapletal Simon,Úložiště baterie,7.6,0.6,0,6.37,7.97,1.6,100,20.08,3,11,2023
2023-11-23,HFVE Zapletal Simon,Úložiště baterie,7.6,2.4,0.13,3.8,6.27,2.47,95,39.39,12,11,2023
2023-11-24,HFVE Zapletal Simon,Úložiště baterie,7.6,4.6,0.07,7.84,12.67,4.83,98.57,38.12,23,11,2023
2023-11-25,HFVE Zapletal Simon,Úložiště baterie,7.6,0.5,0.02,7.6,8.38,0.78,97.5,9.31,2.5,11,2023
2023-11-26,HFVE Zapletal Simon,Úložiště baterie,7.6,0.5,0.07,15.24,20.77,5.53,98.75,26.62,2.5,11,2023
2023-11-27,HFVE Zapletal Simon,Úložiště baterie,7.6,0.4,0.03,7.24,13.51,6.27,99.52,46.41,2,11,2023
2023-11-28,HFVE Zapletal Simon,Úložiště baterie,7.6,0.5,0.04,7.94,13.4,5.46,99.27,40.75,2.5,11,2023
2023-11-29,HFVE Zapletal Simon,Úložiště baterie,7.6,2.3,0.38,6.63,11.45,4.82,92.69,42.1,11.5,11,2023
2023-11-30,HFVE Zapletal Simon,Úložiště baterie,7.6,3.5,1.71,3.69,9.48,5.79,77.2,61.08,17.5,11,2023
2024-11-01,HFVE Zapletal Simon,Úložiště baterie,7.6,22.8,0.9,1.29,13.79,12.5,93.28,90.65,114,11,2024
2024-11-02,HFVE Zapletal Simon,Úložiště baterie,7.6,4.6,0.14,0.06,7.82,7.76,98.23,99.23,23,11,2024
2024-11-03,HFVE Zapletal Simon,Úložiště baterie,7.6,17.2,3.17,0.03,8.66,8.63,73.14,99.65,86,11,2024
2024-11-04,HFVE Zapletal Simon,Úložiště baterie,7.6,4.7,0.23,0.1,12.37,12.27,98.16,99.19,23.5,11,2024
2024-11-05,HFVE Zapletal Simon,Úložiště baterie,7.6,21.7,4.58,0.05,7.97,7.92,63.36,99.37,108.5,11,2024
2024-11-06,HFVE Zapletal Simon,Úložiště baterie,7.6,16.8,11.79,0.02,5.03,5.01,29.82,99.6,84,11,2024
2024-11-07,HFVE Zapletal Simon,Úložiště baterie,7.6,18.3,9.42,0.02,9.4,9.38,49.89,99.79,91.5,11,2024
2024-11-08,HFVE Zapletal Simon,Úložiště baterie,7.6,8,0.87,0.04,6.07,6.03,87.39,99.34,40,11,2024
2024-11-09,HFVE Zapletal Simon,Úložiště baterie,7.6,10.6,4.93,0.06,5.83,5.77,53.93,98.97,53,11,2024
2024-11-10,HFVE Zapletal Simon,Úložiště baterie,7.6,4.2,0.17,0.14,9.67,9.53,98.25,98.55,21,11,2024
2024-11-11,HFVE Zapletal Simon,Úložiště baterie,7.6,3.5,0.12,0.04,6.52,6.48,98.18,99.39,17.5,11,2024
2024-11-12,HFVE Zapletal Simon,Úložiště baterie,7.6,1.4,0.03,4.31,8.18,3.87,99.23,47.31,7,11,2024
2024-11-13,HFVE Zapletal Simon,Úložiště baterie,7.6,0.9,0.01,6.41,7.9,1.49,99.33,18.86,4.5,11,2024
2024-11-14,HFVE Zapletal Simon,Úložiště baterie,7.6,2.7,0.04,4.42,7.68,3.26,98.79,42.45,13.5,11,2024
2024-11-15,HFVE Zapletal Simon,Úložiště baterie,7.6,1.7,0.05,4.48,6.43,1.95,97.5,30.33,8.5,11,2024
2024-11-16,HFVE Zapletal Simon,Úložiště baterie,7.6,15.4,0.15,3.31,13.26,9.95,98.51,75.04,77,11,2024
2024-11-17,HFVE Zapletal Simon,Úložiště baterie,7.6,1.8,0.28,2.39,8.81,6.42,95.82,72.87,9,11,2024
2024-11-18,HFVE Zapletal Simon,Úložiště baterie,7.6,3.2,0.08,3.36,6.88,3.52,97.78,51.16,16,11,2024
2024-11-19,HFVE Zapletal Simon,Úložiště baterie,7.6,3.8,0.07,4.05,8.08,4.03,98.29,49.88,19,11,2024
2024-11-20,HFVE Zapletal Simon,Úložiště baterie,7.6,3.3,0.06,2.28,5.52,3.24,98.18,58.7,16.5,11,2024
2024-11-21,HFVE Zapletal Simon,Úložiště baterie,7.6,5.9,0.11,2.04,6.73,4.69,97.71,69.69,29.5,11,2024
2024-11-22,HFVE Zapletal Simon,Úložiště baterie,7.6,0.6,0.13,14.49,22.26,7.77,98.35,34.91,3,11,2024
2024-11-23,HFVE Zapletal Simon,Úložiště baterie,7.6,3.6,0.78,9.82,15.74,5.92,88.36,37.61,18,11,2024
2024-11-24,HFVE Zapletal Simon,Úložiště baterie,7.6,1.5,0.12,3.82,12.6,8.78,98.65,69.68,7.5,11,2024
2024-11-25,HFVE Zapletal Simon,Úložiště baterie,7.6,14.9,10.52,9.02,15.6,6.58,38.48,42.18,74.5,11,2024
2024-11-26,HFVE Zapletal Simon,Úložiště baterie,7.6,2.2,0.1,3.44,10.44,7,98.59,67.05,11,11,2024
2024-11-27,HFVE Zapletal Simon,Úložiště baterie,7.6,5.9,1.38,6.08,13.1,7.02,83.57,53.59,29.5,11,2024
2024-11-28,HFVE Zapletal Simon,Úložiště baterie,7.6,0.9,0.05,3.06,9.31,6.25,99.21,67.13,4.5,11,2024
2024-11-29,HFVE Zapletal Simon,Úložiště baterie,7.6,0.6,0.1,6.62,12.02,5.4,98.18,44.93,3,11,2024
2024-11-30,HFVE Zapletal Simon,Úložiště baterie,7.6,5,0.13,6.19,15.56,9.37,98.63,60.22,25,11,2024
2023-12-01,HFVE Zapletal Simon,Úložiště baterie,7.6,1.6,0.07,4.89,17.62,12.73,99.45,72.25,8,12,2023
2023-12-02,HFVE Zapletal Simon,Úložiště baterie,7.6,0.3,0.04,13.1,18.46,5.36,99.26,29.04,1.5,12,2023
2023-12-03,HFVE Zapletal Simon,Úložiště baterie,7.6,0.3,0.05,6.86,12.61,5.75,99.14,45.6,1.5,12,2023
2023-12-04,HFVE Zapletal Simon,Úložiště baterie,7.6,0.3,0.03,7.35,15.42,8.07,99.63,52.33,1.5,12,2023
2023-12-05,HFVE Zapletal Simon,Úložiště baterie,7.6,0.3,0.11,10.43,23.52,13.09,99.17,55.65,1.5,12,2023
2023-12-06,HFVE Zapletal Simon,Úložiště baterie,7.6,0.2,0.05,15.68,21.03,5.35,99.07,25.44,1,12,2023
2023-12-07,HFVE Zapletal Simon,Úložiště baterie,7.6,0.3,0.04,7.09,14.45,7.36,99.46,50.93,1.5,12,2023
2023-12-08,HFVE Zapletal Simon,Úložiště baterie,7.6,0.3,0.09,9.56,17.07,7.51,98.82,44,1.5,12,2023
2023-12-09,HFVE Zapletal Simon,Úložiště baterie,7.6,0.4,0.08,9.04,15.16,6.12,98.71,40.37,2,12,2023
2023-12-10,HFVE Zapletal Simon,Úložiště baterie,7.6,0.3,0.07,7.78,15.51,7.73,99.1,49.84,1.5,12,2023
2023-12-11,HFVE Zapletal Simon,Úložiště baterie,7.6,6,1.58,9.49,18.81,9.32,85.5,49.55,30,12,2023
2023-12-12,HFVE Zapletal Simon,Úložiště baterie,7.6,3.3,0.09,6.15,13.36,7.21,98.77,53.97,16.5,12,2023
2023-12-13,HFVE Zapletal Simon,Úložiště baterie,7.6,0.7,0.04,5.2,14.56,9.36,99.57,64.29,3.5,12,2023
2023-12-14,HFVE Zapletal Simon,Úložiště baterie,7.6,0.7,0.09,10.65,19.36,8.71,98.98,44.99,3.5,12,2023
2023-12-15,HFVE Zapletal Simon,Úložiště baterie,7.6,5.1,0.63,10,18.67,8.67,93.23,46.44,25.5,12,2023
2023-12-16,HFVE Zapletal Simon,Úložiště baterie,7.6,1,0.09,5.19,10.2,5.01,98.24,49.12,5,12,2023
2023-12-17,HFVE Zapletal Simon,Úložiště baterie,7.6,1.6,0.15,5.32,11.67,6.35,97.69,54.41,8,12,2023
2023-12-18,HFVE Zapletal Simon,Úložiště baterie,7.6,14.6,9.44,6.23,13.49,7.26,43.47,53.82,73,12,2023
2023-12-19,HFVE Zapletal Simon,Úložiště baterie,7.6,5.5,0.14,0.05,6.41,6.36,97.85,99.22,27.5,12,2023
2023-12-20,HFVE Zapletal Simon,Úložiště baterie,7.6,0.8,0.04,4.37,12.13,7.76,99.49,63.97,4,12,2023
2023-12-21,HFVE Zapletal Simon,Úložiště baterie,7.6,0.8,0.07,8.95,19.48,10.53,99.34,54.06,4,12,2023
2023-12-22,HFVE Zapletal Simon,Úložiště baterie,7.6,2.2,0.12,11.68,19.76,8.08,98.54,40.89,11,12,2023
2023-12-23,HFVE Zapletal Simon,Úložiště baterie,7.6,1,0.08,7.61,19.23,11.62,99.32,60.43,5,12,2023
2023-12-24,HFVE Zapletal Simon,Úložiště baterie,7.6,0.6,0.03,12.47,19.74,7.27,99.59,36.83,3,12,2023
2023-12-25,HFVE Zapletal Simon,Úložiště baterie,7.6,0.5,0.07,9.54,22.37,12.83,99.46,57.35,2.5,12,2023
2023-12-26,HFVE Zapletal Simon,Úložiště baterie,7.6,1.1,0.13,14.83,22.1,7.27,98.24,32.9,5.5,12,2023
2023-12-27,HFVE Zapletal Simon,Úložiště baterie,7.6,15.1,12.38,7.9,14.12,6.22,33.44,44.05,75.5,12,2023
2023-12-28,HFVE Zapletal Simon,Úložiště baterie,7.6,11.8,4.21,4.67,15.46,10.79,71.93,69.79,59,12,2023
2023-12-29,HFVE Zapletal Simon,Úložiště baterie,7.6,7.1,2.72,4.16,12.34,8.18,75.05,66.29,35.5,12,2023
2023-12-30,HFVE Zapletal Simon,Úložiště baterie,7.6,3.3,0.11,4.96,18.25,13.29,99.18,72.82,16.5,12,2023
2023-12-31,HFVE Zapletal Simon,Úložiště baterie,7.6,3.2,0.16,12.06,27.3,15.24,98.96,55.82,16,12,2023
2024-12-01,HFVE Zapletal Simon,Úložiště baterie,7.6,15.7,2.34,0.03,11.39,11.36,82.92,99.74,78.5,12,2024
2024-12-02,HFVE Zapletal Simon,Úložiště baterie,7.6,13.2,4.52,0.06,8.24,8.18,64.41,99.27,66,12,2024
2024-12-03,HFVE Zapletal Simon,Úložiště baterie,7.6,3.9,0.1,0.02,5.72,5.7,98.28,99.65,19.5,12,2024
2024-12-04,HFVE Zapletal Simon,Úložiště baterie,7.6,1,0.06,0.03,7.27,7.24,99.18,99.59,5,12,2024
2024-12-05,HFVE Zapletal Simon,Úložiště baterie,7.6,1.1,0.03,3.81,7.18,3.37,99.12,46.94,5.5,12,2024
2024-12-06,HFVE Zapletal Simon,Úložiště baterie,7.6,0.9,0.27,15.6,24.23,8.63,96.97,35.62,4.5,12,2024
2024-12-07,HFVE Zapletal Simon,Úložiště baterie,7.6,4.2,0.13,10.02,17.19,7.17,98.22,41.71,21,12,2024
2024-12-08,HFVE Zapletal Simon,Úložiště baterie,7.6,1.7,0.1,4.43,12.03,7.6,98.7,63.18,8.5,12,2024
2024-12-09,HFVE Zapletal Simon,Úložiště baterie,7.6,0.5,0.09,7.45,17.16,9.71,99.08,56.59,2.5,12,2024
2024-12-10,HFVE Zapletal Simon,Úložiště baterie,7.6,0.9,0.04,11.36,20.42,9.06,99.56,44.37,4.5,12,2024
2024-12-11,HFVE Zapletal Simon,Úložiště baterie,7.6,0.7,0.06,10.28,18.82,8.54,99.3,45.38,3.5,12,2024
2024-12-12,HFVE Zapletal Simon,Úložiště baterie,7.6,0.9,0.06,10.66,18.7,8.04,99.26,42.99,4.5,12,2024
2024-12-13,HFVE Zapletal Simon,Úložiště baterie,7.6,1.4,0.13,8.3,14.27,5.97,97.87,41.84,7,12,2024
2024-12-14,HFVE Zapletal Simon,Úložiště baterie,7.6,0.6,0.06,6.08,13.72,7.64,99.22,55.69,3,12,2024
2024-12-15,HFVE Zapletal Simon,Úložiště baterie,7.6,1.5,0.1,9.17,17.47,8.3,98.81,47.51,7.5,12,2024
2024-12-16,HFVE Zapletal Simon,Úložiště baterie,7.6,0.5,0.04,8.29,16.65,8.36,99.52,50.21,2.5,12,2024
2024-12-17,HFVE Zapletal Simon,Úložiště baterie,7.6,1.8,0.06,9.96,15.8,5.84,98.98,36.96,9,12,2024
2024-12-18,HFVE Zapletal Simon,Úložiště baterie,7.6,9.2,4.43,5.45,13.12,7.67,63.39,58.46,46,12,2024
2024-12-19,HFVE Zapletal Simon,Úložiště baterie,7.6,5.5,0.13,5.15,17.22,12.07,98.93,70.09,27.5,12,2024
2024-12-20,HFVE Zapletal Simon,Úložiště baterie,7.6,1.4,0.09,8.24,13.85,5.61,98.42,40.51,7,12,2024
2024-12-21,HFVE Zapletal Simon,Úložiště baterie,7.6,4.6,0.16,6.37,17.61,11.24,98.6,63.83,23,12,2024
2024-12-22,HFVE Zapletal Simon,Úložiště baterie,7.6,3.5,0.12,8.54,18.92,10.38,98.86,54.86,17.5,12,2024
2024-12-23,HFVE Zapletal Simon,Úložiště baterie,7.6,1.4,0.18,8.59,18.41,9.82,98.2,53.34,7,12,2024
2024-12-24,HFVE Zapletal Simon,Úložiště baterie,7.6,0.7,0.05,10.44,21.09,10.65,99.53,50.5,3.5,12,2024
2024-12-25,HFVE Zapletal Simon,Úložiště baterie,7.6,6.7,0.34,12.38,22.34,9.96,96.7,44.58,33.5,12,2024
2024-12-26,HFVE Zapletal Simon,Úložiště baterie,7.6,12,7.92,4.79,12.27,7.48,48.57,60.96,60,12,2024
2024-12-27,HFVE Zapletal Simon,Úložiště baterie,7.6,13.3,8.41,4.6,13.79,9.19,52.22,66.64,66.5,12,2024
2024-12-28,HFVE Zapletal Simon,Úložiště baterie,7.6,11,5.76,5.4,14.14,8.74,60.28,61.81,55,12,2024
2024-12-29,HFVE Zapletal Simon,Úložiště baterie,7.6,14.2,4.33,0.08,9.65,9.57,68.85,99.17,71,12,2024
2024-12-30,HFVE Zapletal Simon,Úložiště baterie,7.6,13.1,2.08,0.07,13.29,13.22,86.41,99.47,65.5,12,2024
2024-12-31,HFVE Zapletal Simon,Úložiště baterie,7.6,4.9,0.14,2.11,13.97,11.86,98.83,84.9,24.5,12,2024
