Datum,Elektrárna,Klasifikace,Kapacita(kW),PV(kWh),Prodej(kWh),Koupit(kWh),Spotřeba(kWh),Spotřebováno v domácnosti(kWh),Vlastní poměr(%),Contribution Ratio(%),Příjem(CZK)
01.01.2024,HFVE Zapletal Simon,Úložiště baterie,7.6,1.2,0.11,14.12,20.01,5.89,98.17,29.44,6
02.01.2024,HFVE Zapletal Simon,Úložiště baterie,7.6,1.3,0.11,6.32,12.21,5.89,98.17,48.24,6.5
03.01.2024,HFVE Zapletal Simon,Úložiště baterie,7.6,1.9,0.12,5.51,12.19,6.68,98.24,54.8,9.5
04.01.2024,HFVE Zapletal Simon,Úložiště baterie,7.6,1.8,0.15,6.13,11.78,5.65,97.41,47.96,9
05.01.2024,HFVE Zapletal Simon,Úložiště baterie,7.6,4.5,0.88,5.14,14.76,9.62,91.62,65.18,22.5
06.01.2024,HFVE Zapletal Simon,Úložiště baterie,7.6,0.8,0.07,7.27,15.5,8.23,99.16,53.1,4
07.01.2024,HFVE Zapletal Simon,Úložiště baterie,7.6,0.7,0.13,9.23,15.7,6.47,98.03,41.21,3.5
08.01.2024,HFVE Zapletal Simon,Úložiště baterie,7.6,0.8,0.03,7.69,12.76,5.07,99.41,39.73,4
09.01.2024,HFVE Zapletal Simon,Úložiště baterie,7.6,2.2,0.15,5.78,13.53,7.75,98.1,57.28,11
10.01.2024,HFVE Zapletal Simon,Úložiště baterie,7.6,5.3,2.73,6.98,11.85,4.87,64.08,41.1,26.5
11.01.2024,HFVE Zapletal Simon,Úložiště baterie,7.6,7,0.18,3.47,13.49,10.02,98.24,74.28,35
12.01.2024,HFVE Zapletal Simon,Úložiště baterie,7.6,0.4,0.05,4.13,16.78,12.65,99.61,75.39,2
13.01.2024,HFVE Zapletal Simon,Úložiště baterie,7.6,0.4,0.09,13.91,23.22,9.31,99.04,40.09,2
14.01.2024,HFVE Zapletal Simon,Úložiště baterie,7.6,0.4,0.04,12.15,18.61,6.46,99.38,34.71,2
15.01.2024,HFVE Zapletal Simon,Úložiště baterie,7.6,2.2,0.1,7.85,13.35,5.5,98.21,41.2,11
16.01.2024,HFVE Zapletal Simon,Úložiště baterie,7.6,1.6,0.13,4.6,12.37,7.77,98.35,62.81,8
17.01.2024,HFVE Zapletal Simon,Úložiště baterie,7.6,4.6,2.38,7.99,13.91,5.92,71.33,42.56,23
18.01.2024,HFVE Zapletal Simon,Úložiště baterie,7.6,1.3,0.05,4.64,9.59,4.95,99,51.62,6.5
19.01.2024,HFVE Zapletal Simon,Úložiště baterie,7.6,0.6,0.06,4.96,16.2,11.24,99.47,69.38,3
20.01.2024,HFVE Zapletal Simon,Úložiště baterie,7.6,7.2,3.77,12.87,18.5,5.63,59.89,30.43,36
21.01.2024,HFVE Zapletal Simon,Úložiště baterie,7.6,12.6,4.52,3.31,14.99,11.68,72.1,77.92,63
22.01.2024,HFVE Zapletal Simon,Úložiště baterie,7.6,10.5,8.33,5.1,9.87,4.77,36.41,48.33,52.5
23.01.2024,HFVE Zapletal Simon,Úložiště baterie,7.6,2.6,1.01,3.48,9.87,6.39,86.35,64.74,13
24.01.2024,HFVE Zapletal Simon,Úložiště baterie,7.6,0.9,0.08,6.1,15.02,8.92,99.11,59.39,4.5
25.01.2024,HFVE Zapletal Simon,Úložiště baterie,7.6,1.1,0.08,9.77,14.59,4.82,98.37,33.04,5.5
26.01.2024,HFVE Zapletal Simon,Úložiště baterie,7.6,14.3,7.99,5.01,13.62,8.61,51.87,63.22,71.5
27.01.2024,HFVE Zapletal Simon,Úložiště baterie,7.6,4.6,0.32,3.19,14.87,11.68,97.33,78.55,23
28.01.2024,HFVE Zapletal Simon,Úložiště baterie,7.6,2.7,0.17,9.15,16.88,7.73,97.85,45.79,13.5
29.01.2024,HFVE Zapletal Simon,Úložiště baterie,7.6,21.5,11.33,0.03,7.6,7.57,40.05,99.61,107.5
30.01.2024,HFVE Zapletal Simon,Úložiště baterie,7.6,21.6,8.08,0.03,16.35,16.32,66.89,99.82,108
31.01.2024,HFVE Zapletal Simon,Úložiště baterie,7.6,4.8,0.11,0.03,7.82,7.79,98.61,99.62,24
01.01.2025,HFVE Zapletal Simon,Úložiště baterie,7.6,13,0.2,1.79,9.99,8.2,97.62,82.08,65
02.01.2025,HFVE Zapletal Simon,Úložiště baterie,7.6,5.6,0.1,3.19,13.49,10.3,99.04,76.35,28
03.01.2025,HFVE Zapletal Simon,Úložiště baterie,7.6,0.8,0.06,15.86,25.2,9.34,99.36,37.06,4
04.01.2025,HFVE Zapletal Simon,Úložiště baterie,7.6,10.8,5.45,11.13,19.08,7.95,59.33,41.67,54
05.01.2025,HFVE Zapletal Simon,Úložiště baterie,7.6,1.9,0.12,4.18,14.36,10.18,98.83,70.89,9.5
06.01.2025,HFVE Zapletal Simon,Úložiště baterie,7.6,5.4,2.58,10.19,16.81,6.62,71.96,39.38,27
07.01.2025,HFVE Zapletal Simon,Úložiště baterie,7.6,1,0.06,5.71,13.55,7.84,99.24,57.86,5
08.01.2025,HFVE Zapletal Simon,Úložiště baterie,7.6,1,0.08,8.74,18.46,9.72,99.18,52.65,5
09.01.2025,HFVE Zapletal Simon,Úložiště baterie,7.6,4.9,0.28,10.77,19.89,9.12,97.02,45.85,24.5
10.01.2025,HFVE Zapletal Simon,Úložiště baterie,7.6,1.4,0.1,5.78,18.48,12.7,99.22,68.72,7
11.01.2025,HFVE Zapletal Simon,Úložiště baterie,7.6,2.6,0.08,13.75,20.07,6.32,98.75,31.49,13
12.01.2025,HFVE Zapletal Simon,Úložiště baterie,7.6,0.5,0.04,5.81,11.47,5.66,99.3,49.35,2.5
13.01.2025,HFVE Zapletal Simon,Úložiště baterie,7.6,0.4,0.04,6.71,13.57,6.86,99.42,50.55,2
14.01.2025,HFVE Zapletal Simon,Úložiště baterie,7.6,4.6,0.13,7.9,16.57,8.67,98.52,52.32,23
15.01.2025,HFVE Zapletal Simon,Úložiště baterie,7.6,0.6,0.11,7.37,15.86,8.49,98.72,53.53,3
16.01.2025,HFVE Zapletal Simon,Úložiště baterie,7.6,1.3,0.07,10.32,23.05,12.73,99.45,55.23,6.5
17.01.2025,HFVE Zapletal Simon,Úložiště baterie,7.6,1.7,0.08,13.78,22.9,9.12,99.13,39.83,8.5
18.01.2025,HFVE Zapletal Simon,Úložiště baterie,7.6,10.7,6.94,10.3,16.76,6.46,48.21,38.54,53.5
19.01.2025,HFVE Zapletal Simon,Úložiště baterie,7.6,6.1,4.67,3.6,9.03,5.43,53.76,60.13,30.5
20.01.2025,HFVE Zapletal Simon,Úložiště baterie,7.6,12.6,1.67,0.9,13.43,12.53,88.24,93.3,63
21.01.2025,HFVE Zapletal Simon,Úložiště baterie,7.6,4.2,0.12,0.02,7.2,7.18,98.36,99.72,21
22.01.2025,HFVE Zapletal Simon,Úložiště baterie,7.6,7.7,0.19,0.05,7.46,7.41,97.5,99.33,38.5
23.01.2025,HFVE Zapletal Simon,Úložiště baterie,7.6,2.2,0.11,3.14,10.43,7.29,98.51,69.89,11
24.01.2025,HFVE Zapletal Simon,Úložiště baterie,7.6,10.9,0.1,4.38,9.98,5.6,98.25,56.11,54.5
25.01.2025,HFVE Zapletal Simon,Úložiště baterie,7.6,9.6,0.22,0.07,12.75,12.68,98.29,99.45,48
26.01.2025,HFVE Zapletal Simon,Úložiště baterie,7.6,6.5,0.15,0.23,7.98,7.75,98.1,97.12,32.5
27.01.2025,HFVE Zapletal Simon,Úložiště baterie,7.6,16.2,0.21,1.04,9.43,8.39,97.56,88.97,81
28.01.2025,HFVE Zapletal Simon,Úložiště baterie,7.6,6.8,0.14,0.03,8.99,8.96,98.46,99.67,34
29.01.2025,HFVE Zapletal Simon,Úložiště baterie,7.6,13.2,1.33,0.02,6.69,6.67,83.38,99.7,66
30.01.2025,HFVE Zapletal Simon,Úložiště baterie,7.6,20.6,11.42,0.02,8.2,8.18,41.73,99.76,103
31.01.2025,HFVE Zapletal Simon,Úložiště baterie,7.6,3.4,0.1,0.01,8.11,8.1,98.78,99.88,17
01.02.2024,HFVE Zapletal Simon,Úložiště baterie,7.6,0.9,0.06,11.13,17.47,6.34,99.06,36.29,4.5
02.02.2024,HFVE Zapletal Simon,Úložiště baterie,7.6,9,4.68,6.86,13.88,7.02,60,50.58,45
03.02.2024,HFVE Zapletal Simon,Úložiště baterie,7.6,1.9,0.14,3.5,11.96,8.46,98.37,70.74,9.5
04.02.2024,HFVE Zapletal Simon,Úložiště baterie,7.6,2.1,0.1,8.15,17.05,8.9,98.89,52.2,10.5
05.02.2024,HFVE Zapletal Simon,Úložiště baterie,7.6,1.1,0.08,8.43,15.15,6.72,98.82,44.36,5.5
06.02.2024,HFVE Zapletal Simon,Úložiště baterie,7.6,5.3,0.18,7.02,18.04,11.02,98.39,61.09,26.5
07.02.2024,HFVE Zapletal Simon,Úložiště baterie,7.6,1.5,0.09,6.75,15.66,8.91,99,56.9,7.5
08.02.2024,HFVE Zapletal Simon,Úložiště baterie,7.6,2.6,0.1,9.21,15.91,6.7,98.53,42.11,13
09.02.2024,HFVE Zapletal Simon,Úložiště baterie,7.6,8.5,0.18,5.23,20.65,15.42,98.85,74.67,42.5
10.02.2024,HFVE Zapletal Simon,Úložiště baterie,7.6,16.8,13.8,8.3,13.8,5.5,28.5,39.86,84
11.02.2024,HFVE Zapletal Simon,Úložiště baterie,7.6,2.2,0.1,0.04,7.34,7.3,98.65,99.46,11
12.02.2024,HFVE Zapletal Simon,Úložiště baterie,7.6,6.2,0.16,0.06,6.4,6.34,97.54,99.06,31
13.02.2024,HFVE Zapletal Simon,Úložiště baterie,7.6,7.6,0.12,0.04,8.12,8.08,98.54,99.51,38
14.02.2024,HFVE Zapletal Simon,Úložiště baterie,7.6,16.6,4.01,0.01,5.6,5.59,58.23,99.82,83
15.02.2024,HFVE Zapletal Simon,Úložiště baterie,7.6,6.3,0.16,0.04,11.28,11.24,98.6,99.65,31.5
16.02.2024,HFVE Zapletal Simon,Úložiště baterie,7.6,25.4,10.11,0.06,9.65,9.59,48.68,99.38,127
17.02.2024,HFVE Zapletal Simon,Úložiště baterie,7.6,2,0.14,1.66,14.72,13.06,98.94,88.72,10
18.02.2024,HFVE Zapletal Simon,Úložiště baterie,7.6,22.7,1.06,1.65,11.99,10.34,90.7,86.24,113.5
19.02.2024,HFVE Zapletal Simon,Úložiště baterie,7.6,2.9,0.1,0.02,5.92,5.9,98.33,99.66,14.5
20.02.2024,HFVE Zapletal Simon,Úložiště baterie,7.6,2.4,0.11,0.04,5.03,4.99,97.84,99.2,12
21.02.2024,HFVE Zapletal Simon,Úložiště baterie,7.6,9.4,0.15,0.02,5.57,5.55,97.37,99.64,47
22.02.2024,HFVE Zapletal Simon,Úložiště baterie,7.6,6.8,0.15,0.09,9.54,9.45,98.44,99.06,34
23.02.2024,HFVE Zapletal Simon,Úložiště baterie,7.6,1.8,0.1,0.1,7.3,7.2,98.63,98.63,9
24.02.2024,HFVE Zapletal Simon,Úložiště baterie,7.6,12.6,0.11,6.37,11.16,4.79,97.76,42.92,63
25.02.2024,HFVE Zapletal Simon,Úložiště baterie,7.6,21.7,10.88,0.02,6.94,6.92,38.88,99.71,108.5
26.02.2024,HFVE Zapletal Simon,Úložiště baterie,7.6,18.9,14.24,0.04,4.4,4.36,23.44,99.09,94.5
27.02.2024,HFVE Zapletal Simon,Úložiště baterie,7.6,22.4,12.76,0.01,9.65,9.64,43.04,99.9,112
28.02.2024,HFVE Zapletal Simon,Úložiště baterie,7.6,9.4,3.93,0.01,5.08,5.07,56.33,99.8,47
29.02.2024,HFVE Zapletal Simon,Úložiště baterie,7.6,11.8,5.7,0.03,6.13,6.1,51.69,99.51,59
01.02.2025,HFVE Zapletal Simon,Úložiště baterie,7.6,14.9,0.19,0.05,11.46,11.41,98.36,99.56,74.5
02.02.2025,HFVE Zapletal Simon,Úložiště baterie,7.6,4.4,0.24,0.16,13.02,12.86,98.17,98.77,22
03.02.2025,HFVE Zapletal Simon,Úložiště baterie,7.6,13.9,0.13,1.8,7.67,5.87,97.83,76.53,69.5
04.02.2025,HFVE Zapletal Simon,Úložiště baterie,7.6,23.3,10.62,0.02,8.9,8.88,45.54,99.78,116.5
05.02.2025,HFVE Zapletal Simon,Úložiště baterie,7.6,22.9,12.74,0.03,9.39,9.36,42.35,99.68,114.5
06.02.2025,HFVE Zapletal Simon,Úložiště baterie,7.6,3.8,0.11,0.05,11.64,11.59,99.06,99.57,19
07.02.2025,HFVE Zapletal Simon,Úložiště baterie,7.6,3.3,0.14,0.51,6.67,6.16,97.78,92.35,16.5
08.02.2025,HFVE Zapletal Simon,Úložiště baterie,7.6,16.4,0.27,4.2,20.13,15.93,98.33,79.14,82
09.02.2025,HFVE Zapletal Simon,Úložiště baterie,7.6,3.7,0.09,3.6,8.01,4.41,98,55.06,18.5
10.02.2025,HFVE Zapletal Simon,Úložiště baterie,7.6,21,2.24,2.99,9.85,6.86,75.38,69.64,105
11.02.2025,HFVE Zapletal Simon,Úložiště baterie,7.6,20.7,13.12,0.02,7.5,7.48,36.31,99.73,103.5
12.02.2025,HFVE Zapletal Simon,Úložiště baterie,7.6,3.5,0.1,0.02,7.42,7.4,98.67,99.73,17.5
13.02.2025,HFVE Zapletal Simon,Úložiště baterie,7.6,2.7,0.15,0.01,6.96,6.95,97.89,99.86,13.5
14.02.2025,HFVE Zapletal Simon,Úložiště baterie,7.6,0.7,0.02,8.48,11.26,2.78,99.29,24.69,3.5
15.02.2025,HFVE Zapletal Simon,Úložiště baterie,7.6,1.7,0.04,5.64,7.6,1.96,98,25.79,8.5
16.02.2025,HFVE Zapletal Simon,Úložiště baterie,7.6,18.6,0.57,5.34,17.57,12.23,95.55,69.61,93
17.02.2025,HFVE Zapletal Simon,Úložiště baterie,7.6,25.2,13.11,0.01,6.5,6.49,33.11,99.85,126
18.02.2025,HFVE Zapletal Simon,Úložiště baterie,7.6,20.9,13.1,0.02,7.82,7.8,37.32,99.74,104.5
19.02.2025,HFVE Zapletal Simon,Úložiště baterie,7.6,30.1,21.34,0.02,7.38,7.36,25.64,99.73,150.5
20.02.2025,HFVE Zapletal Simon,Úložiště baterie,7.6,29.4,19.99,0.03,8.54,8.51,29.86,99.65,147
21.02.2025,HFVE Zapletal Simon,Úložiště baterie,7.6,26.2,9.65,0.04,15.69,15.65,61.86,99.75,131
22.02.2025,HFVE Zapletal Simon,Úložiště baterie,7.6,29.4,16.51,0.06,11.45,11.39,40.82,99.48,147
23.02.2025,HFVE Zapletal Simon,Úložiště baterie,7.6,6.5,0.14,0.05,9.51,9.46,98.54,99.47,32.5
24.02.2025,HFVE Zapletal Simon,Úložiště baterie,7.6,12.2,3.37,0.02,6.75,6.73,66.63,99.7,61
25.02.2025,HFVE Zapletal Simon,Úložiště baterie,7.6,18.9,10.31,0.03,7.02,6.99,40.4,99.57,94.5
26.02.2025,HFVE Zapletal Simon,Úložiště baterie,7.6,1.6,0.09,0.02,5.93,5.91,98.5,99.66,8
27.02.2025,HFVE Zapletal Simon,Úložiště baterie,7.6,5.4,0.12,0.01,6.39,6.38,98.15,99.84,27
28.02.2025,HFVE Zapletal Simon,Úložiště baterie,7.6,17.6,4.23,0.05,7.72,7.67,64.45,99.35,88
01.03.2024,HFVE Zapletal Simon,Úložiště baterie,7.6,8.2,3.78,0.01,4.63,4.62,55,99.78,41
02.03.2024,HFVE Zapletal Simon,Úložiště baterie,7.6,4.1,0.27,0.04,7.07,7.03,96.3,99.43,20.5
03.03.2024,HFVE Zapletal Simon,Úložiště baterie,7.6,15.9,2.99,0.12,10.03,9.91,76.82,98.8,79.5
04.03.2024,HFVE Zapletal Simon,Úložiště baterie,7.6,31.7,26.39,0.01,4.72,4.71,15.14,99.79,158.5
05.03.2024,HFVE Zapletal Simon,Úložiště baterie,7.6,6.6,1.14,0.02,5.68,5.66,83.24,99.65,33
06.03.2024,HFVE Zapletal Simon,Úložiště baterie,7.6,26.2,19.58,0.02,6.04,6.02,23.52,99.67,131
07.03.2024,HFVE Zapletal Simon,Úložiště baterie,7.6,2.2,0.12,0.04,7.52,7.48,98.42,99.47,11
08.03.2024,HFVE Zapletal Simon,Úložiště baterie,7.6,19.1,6.88,0.01,5.73,5.72,45.4,99.83,95.5
09.03.2024,HFVE Zapletal Simon,Úložiště baterie,7.6,25.5,15.09,0.03,11.34,11.31,42.84,99.74,127.5
10.03.2024,HFVE Zapletal Simon,Úložiště baterie,7.6,13.5,2.72,0.08,10.56,10.48,79.39,99.24,67.5
11.03.2024,HFVE Zapletal Simon,Úložiště baterie,7.6,10.9,5.57,0.02,5.85,5.83,51.14,99.66,54.5
12.03.2024,HFVE Zapletal Simon,Úložiště baterie,7.6,1.6,0.09,0.04,5.95,5.91,98.5,99.33,8
13.03.2024,HFVE Zapletal Simon,Úložiště baterie,7.6,14.2,4.03,0.04,4.91,4.87,54.72,99.19,71
14.03.2024,HFVE Zapletal Simon,Úložiště baterie,7.6,17.1,7.57,0.01,10.74,10.73,58.63,99.91,85.5
15.03.2024,HFVE Zapletal Simon,Úložiště baterie,7.6,23,11.13,0.08,10.35,10.27,47.99,99.23,115
16.03.2024,HFVE Zapletal Simon,Úložiště baterie,7.6,12.5,6.34,0.04,6.5,6.46,50.47,99.38,62.5
17.03.2024,HFVE Zapletal Simon,Úložiště baterie,7.6,36.8,25.04,0.06,11.22,11.16,30.83,99.47,184
18.03.2024,HFVE Zapletal Simon,Úložiště baterie,7.6,9.8,4.07,0.01,6.34,6.33,60.87,99.84,49
19.03.2024,HFVE Zapletal Simon,Úložiště baterie,7.6,9.5,3,0.07,6.57,6.5,68.42,98.93,47.5
20.03.2024,HFVE Zapletal Simon,Úložiště baterie,7.6,38.4,29.21,0.01,8.6,8.59,22.72,99.88,192
21.03.2024,HFVE Zapletal Simon,Úložiště baterie,7.6,25.7,14.91,0.02,13.21,13.19,46.94,99.85,128.5
22.03.2024,HFVE Zapletal Simon,Úložiště baterie,7.6,16.6,8.45,0.02,5.77,5.75,40.49,99.65,83
23.03.2024,HFVE Zapletal Simon,Úložiště baterie,7.6,23.6,16.71,0.04,6.53,6.49,27.97,99.39,118
24.03.2024,HFVE Zapletal Simon,Úložiště baterie,7.6,20.9,11.41,0.06,9.95,9.89,46.43,99.4,104.5
25.03.2024,HFVE Zapletal Simon,Úložiště baterie,7.6,16.4,10.53,0.04,4.81,4.77,31.18,99.17,82
26.03.2024,HFVE Zapletal Simon,Úložiště baterie,7.6,41.2,32.86,0.04,7.38,7.34,18.26,99.46,206
27.03.2024,HFVE Zapletal Simon,Úložiště baterie,7.6,36.9,30.33,0.01,6.48,6.47,17.58,99.85,184.5
28.03.2024,HFVE Zapletal Simon,Úložiště baterie,7.6,25.2,12.92,0.05,12.13,12.08,48.32,99.59,126
29.03.2024,HFVE Zapletal Simon,Úložiště baterie,7.6,41.2,30.79,0.02,9.23,9.21,23.02,99.78,206
30.03.2024,HFVE Zapletal Simon,Úložiště baterie,7.6,27.7,18.69,0.03,8.54,8.51,31.29,99.65,138.5
31.03.2024,HFVE Zapletal Simon,Úložiště baterie,7.6,27.7,14.45,0.08,12.63,12.55,46.48,99.37,138.5
01.03.2025,HFVE Zapletal Simon,Úložiště baterie,7.6,9.8,1.5,0.05,12.35,12.3,89.13,99.6,49
02.03.2025,HFVE Zapletal Simon,Úložiště baterie,7.6,21.8,0.82,0.51,16.19,15.68,95.03,96.85,109
03.03.2025,HFVE Zapletal Simon,Úložiště baterie,7.6,24,15.64,0.02,9.98,9.96,38.91,99.8,120
04.03.2025,HFVE Zapletal Simon,Úložiště baterie,7.6,29.9,19.08,0.02,8.84,8.82,31.61,99.77,149.5
05.03.2025,HFVE Zapletal Simon,Úložiště baterie,7.6,34.2,23.99,0.03,9.94,9.91,29.23,99.7,171
06.03.2025,HFVE Zapletal Simon,Úložiště baterie,7.6,35,22.56,0.02,11.66,11.64,34.04,99.83,175
07.03.2025,HFVE Zapletal Simon,Úložiště baterie,7.6,29.3,14.45,0.04,15.99,15.95,52.47,99.75,146.5
08.03.2025,HFVE Zapletal Simon,Úložiště baterie,7.6,31,13.94,0.06,14.52,14.46,50.92,99.59,155
09.03.2025,HFVE Zapletal Simon,Úložiště baterie,7.6,23.3,0.3,2.24,25.34,23.1,98.72,91.16,116.5
10.03.2025,HFVE Zapletal Simon,Úložiště baterie,7.6,28.6,14.66,0.11,10.75,10.64,42.06,98.98,143
11.03.2025,HFVE Zapletal Simon,Úložiště baterie,7.6,13.3,2.34,0.05,12.21,12.16,83.86,99.59,66.5
12.03.2025,HFVE Zapletal Simon,Úložiště baterie,7.6,31.6,20.33,0.03,10.1,10.07,33.12,99.7,158
13.03.2025,HFVE Zapletal Simon,Úložiště baterie,7.6,2.1,0.09,0.01,7.02,7.01,98.73,99.86,10.5
14.03.2025,HFVE Zapletal Simon,Úložiště baterie,7.6,1.7,0.06,2.61,7.55,4.94,98.8,65.43,8.5
15.03.2025,HFVE Zapletal Simon,Úložiště baterie,7.6,3.7,0.07,3.82,7.65,3.83,98.21,50.07,18.5
16.03.2025,HFVE Zapletal Simon,Úložiště baterie,7.6,13.7,0.17,2.84,10.67,7.83,97.88,73.38,68.5
17.03.2025,HFVE Zapletal Simon,Úložiště baterie,7.6,9.2,0.15,0.04,5.69,5.65,97.41,99.3,46
18.03.2025,HFVE Zapletal Simon,Úložiště baterie,7.6,37.8,25.54,0,8.46,8.46,24.88,100,189
19.03.2025,HFVE Zapletal Simon,Úložiště baterie,7.6,40.9,24.18,0.04,15.76,15.72,39.4,99.75,204.5
20.03.2025,HFVE Zapletal Simon,Úložiště baterie,7.6,41.4,28.56,0.02,11.76,11.74,29.13,99.83,207
21.03.2025,HFVE Zapletal Simon,Úložiště baterie,7.6,38.5,22.51,0.02,14.01,13.99,38.33,99.86,192.5
22.03.2025,HFVE Zapletal Simon,Úložiště baterie,7.6,35.3,23.82,0.04,12.62,12.58,34.56,99.68,176.5
23.03.2025,HFVE Zapletal Simon,Úložiště baterie,7.6,16.3,4.62,0.14,10.62,10.48,69.4,98.68,81.5
24.03.2025,HFVE Zapletal Simon,Úložiště baterie,7.6,15.9,8.14,0.02,8.38,8.36,50.67,99.76,79.5
25.03.2025,HFVE Zapletal Simon,Úložiště baterie,7.6,33.4,19.17,0.03,13.36,13.33,41.02,99.78,167
26.03.2025,HFVE Zapletal Simon,Úložiště baterie,7.6,28,17.11,0.05,10.34,10.29,37.55,99.52,140
27.03.2025,HFVE Zapletal Simon,Úložiště baterie,7.6,11.7,0.23,0.19,19.76,19.57,98.84,99.04,58.5
28.03.2025,HFVE Zapletal Simon,Úložiště baterie,7.6,35.8,13.85,1.95,15.2,13.25,48.89,87.17,179
29.03.2025,HFVE Zapletal Simon,Úložiště baterie,7.6,13.9,0.16,0.57,16.91,16.34,99.03,96.63,69.5
30.03.2025,HFVE Zapletal Simon,Úložiště baterie,7.6,8.9,0.15,0.75,15.2,14.45,98.97,95.07,44.5
31.03.2025,HFVE Zapletal Simon,Úložiště baterie,7.6,17,0.18,2.62,11.64,9.02,98.04,77.49,85
01.04.2024,HFVE Zapletal Simon,Úložiště baterie,7.6,23.8,15.16,0.05,8.39,8.34,35.49,99.4,119
02.04.2024,HFVE Zapletal Simon,Úložiště baterie,7.6,13.1,7.88,0.01,5.23,5.22,39.85,99.81,65.5
03.04.2024,HFVE Zapletal Simon,Úložiště baterie,7.6,32.5,24.13,0.02,8.89,8.87,26.88,99.78,162.5
04.04.2024,HFVE Zapletal Simon,Úložiště baterie,7.6,21,13.43,0.02,6.49,6.47,32.51,99.69,105
05.04.2024,HFVE Zapletal Simon,Úložiště baterie,7.6,26.3,21.09,0.01,4.32,4.31,16.97,99.77,131.5
06.04.2024,HFVE Zapletal Simon,Úložiště baterie,7.6,21.4,12.83,0.04,9.71,9.67,42.98,99.59,107
07.04.2024,HFVE Zapletal Simon,Úložiště baterie,7.6,38.9,24.65,0.09,12.34,12.25,33.2,99.27,194.5
08.04.2024,HFVE Zapletal Simon,Úložiště baterie,7.6,37.4,32.17,0.01,4.64,4.63,12.58,99.78,187
09.04.2024,HFVE Zapletal Simon,Úložiště baterie,7.6,41.5,36.18,0.01,3.73,3.72,9.32,99.73,207.5
10.04.2024,HFVE Zapletal Simon,Úložiště baterie,7.6,2.2,0.13,0.02,6.29,6.27,97.97,99.68,11
11.04.2024,HFVE Zapletal Simon,Úložiště baterie,7.6,37.1,24.37,0.03,8.06,8.03,24.78,99.63,185.5
12.04.2024,HFVE Zapletal Simon,Úložiště baterie,7.6,43.4,36.02,0.02,6.2,6.18,14.64,99.68,217
13.04.2024,HFVE Zapletal Simon,Úložiště baterie,7.6,41.5,36.16,0.01,4.15,4.14,10.27,99.76,207.5
14.04.2024,HFVE Zapletal Simon,Úložiště baterie,7.6,27.2,19.5,0.02,7.92,7.9,28.83,99.75,136
15.04.2024,HFVE Zapletal Simon,Úložiště baterie,7.6,8.1,3.65,0.03,5.18,5.15,58.52,99.42,40.5
16.04.2024,HFVE Zapletal Simon,Úložiště baterie,7.6,17.2,11.35,0.02,5.87,5.85,34.01,99.66,86
17.04.2024,HFVE Zapletal Simon,Úložiště baterie,7.6,13.1,7.82,0.02,5,4.98,38.91,99.6,65.5
18.04.2024,HFVE Zapletal Simon,Úložiště baterie,7.6,19.8,14.86,9.74,14.68,4.94,24.95,33.65,99
19.04.2024,HFVE Zapletal Simon,Úložiště baterie,7.6,30.5,24.51,0.03,6.12,6.09,19.9,99.51,152.5
20.04.2024,HFVE Zapletal Simon,Úložiště baterie,7.6,14.3,5.84,0.03,9.19,9.16,61.07,99.67,71.5
21.04.2024,HFVE Zapletal Simon,Úložiště baterie,7.6,6,0.29,0.07,11.68,11.61,97.56,99.4,30
22.04.2024,HFVE Zapletal Simon,Úložiště baterie,7.6,27.9,15.67,0.07,5.3,5.23,25.02,98.68,139.5
23.04.2024,HFVE Zapletal Simon,Úložiště baterie,7.6,24.5,18.64,0.01,6.87,6.86,26.9,99.85,122.5
24.04.2024,HFVE Zapletal Simon,Úložiště baterie,7.6,3.3,0.14,0.02,5.08,5.06,97.31,99.61,16.5
25.04.2024,HFVE Zapletal Simon,Úložiště baterie,7.6,30.1,21.59,0.03,5.64,5.61,20.62,99.47,150.5
26.04.2024,HFVE Zapletal Simon,Úložiště baterie,7.6,39.3,34.44,0.01,4.07,4.06,10.55,99.75,196.5
27.04.2024,HFVE Zapletal Simon,Úložiště baterie,7.6,46.3,37.4,0.03,7.63,7.6,16.89,99.61,231.5
28.04.2024,HFVE Zapletal Simon,Úložiště baterie,7.6,39.7,31.67,0.05,8.28,8.23,20.63,99.4,198.5
29.04.2024,HFVE Zapletal Simon,Úložiště baterie,7.6,46,32.32,0.1,16.78,16.68,34.04,99.4,230
30.04.2024,HFVE Zapletal Simon,Úložiště baterie,7.6,48.3,28.23,0.09,17.86,17.77,38.63,99.5,241.5
01.04.2025,HFVE Zapletal Simon,Úložiště baterie,7.6,2,0.08,0.47,10.69,10.22,99.22,95.6,10
02.04.2025,HFVE Zapletal Simon,Úložiště baterie,7.6,5.9,0.09,4.46,9.47,5.01,98.24,52.9,29.5
03.04.2025,HFVE Zapletal Simon,Úložiště baterie,7.6,42.5,18.15,0.03,13.28,13.25,42.2,99.77,212.5
04.04.2025,HFVE Zapletal Simon,Úložiště baterie,7.6,42.2,19.78,0.06,21.88,21.82,52.45,99.73,211
05.04.2025,HFVE Zapletal Simon,Úložiště baterie,7.6,25.5,14.18,0.06,10.08,10.02,41.4,99.4,127.5
06.04.2025,HFVE Zapletal Simon,Úložiště baterie,7.6,8.2,0.19,0.05,12.26,12.21,98.47,99.59,41
07.04.2025,HFVE Zapletal Simon,Úložiště baterie,7.6,16.5,1.12,0.08,12.16,12.08,91.52,99.34,82.5
08.04.2025,HFVE Zapletal Simon,Úložiště baterie,7.6,28.9,17.96,0.06,10.7,10.64,37.2,99.44,144.5
09.04.2025,HFVE Zapletal Simon,Úložiště baterie,7.6,43.4,28.99,0.04,11.45,11.41,28.24,99.65,217
10.04.2025,HFVE Zapletal Simon,Úložiště baterie,7.6,40.8,29.2,0.07,9.37,9.3,24.16,99.25,204
11.04.2025,HFVE Zapletal Simon,Úložiště baterie,7.6,30.9,18.66,0.04,12.98,12.94,40.95,99.69,154.5
12.04.2025,HFVE Zapletal Simon,Úložiště baterie,7.6,23.6,2.54,0.21,18.87,18.66,88.02,98.89,118
13.04.2025,HFVE Zapletal Simon,Úložiště baterie,7.6,36,23.24,0.21,14.47,14.26,38.03,98.55,180
14.04.2025,HFVE Zapletal Simon,Úložiště baterie,7.6,40,29.57,0.05,8.48,8.43,22.18,99.41,200
15.04.2025,HFVE Zapletal Simon,Úložiště baterie,7.6,14.7,5.77,0.03,8.76,8.73,60.21,99.66,73.5
16.04.2025,HFVE Zapletal Simon,Úložiště baterie,7.6,44.7,35.17,0.2,9.53,9.33,20.97,97.9,223.5
17.04.2025,HFVE Zapletal Simon,Úložiště baterie,7.6,37,25.52,0.03,9.91,9.88,27.91,99.7,185
18.04.2025,HFVE Zapletal Simon,Úložiště baterie,7.6,11.7,0.17,0.09,13.62,13.53,98.76,99.34,58.5
19.04.2025,HFVE Zapletal Simon,Úložiště baterie,7.6,39.5,22.58,0.09,12.71,12.62,35.85,99.29,197.5
20.04.2025,HFVE Zapletal Simon,Úložiště baterie,7.6,43.6,32.74,0.1,10.26,10.16,23.68,99.03,218
21.04.2025,HFVE Zapletal Simon,Úložiště baterie,7.6,36.1,20.06,0.07,14.21,14.14,41.35,99.51,180.5
22.04.2025,HFVE Zapletal Simon,Úložiště baterie,7.6,45,34.98,0.09,8.81,8.72,19.95,98.98,225
23.04.2025,HFVE Zapletal Simon,Úložiště baterie,7.6,37.3,24.94,0.04,10.6,10.56,29.75,99.62,186.5
24.04.2025,HFVE Zapletal Simon,Úložiště baterie,7.6,26.3,14.63,0.36,14.63,14.27,49.38,97.54,131.5
25.04.2025,HFVE Zapletal Simon,Úložiště baterie,7.6,3.6,0.13,0.07,6.64,6.57,98.06,98.95,18
26.04.2025,HFVE Zapletal Simon,Úložiště baterie,7.6,49.7,30.35,0.35,14.4,14.05,31.64,97.57,248.5
27.04.2025,HFVE Zapletal Simon,Úložiště baterie,7.6,51.5,36.72,0.03,11.61,11.58,23.98,99.74,257.5
28.04.2025,HFVE Zapletal Simon,Úložiště baterie,7.6,48.7,30.66,0.04,16.68,16.64,35.18,99.76,243.5
29.04.2025,HFVE Zapletal Simon,Úložiště baterie,7.6,48.9,34.01,0.07,12.76,12.69,27.17,99.45,244.5
30.04.2025,HFVE Zapletal Simon,Úložiště baterie,7.6,42.7,25.28,0.11,17.23,17.12,40.38,99.36,213.5
01.05.2024,HFVE Zapletal Simon,Úložiště baterie,7.6,48.8,31.72,0.06,15.64,15.58,32.94,99.62,244
02.05.2024,HFVE Zapletal Simon,Úložiště baterie,7.6,24.1,11.58,0.08,11.2,11.12,48.99,99.29,120.5
03.05.2024,HFVE Zapletal Simon,Úložiště baterie,7.6,28.2,4.31,0.22,26.11,25.89,85.73,99.16,141
04.05.2024,HFVE Zapletal Simon,Úložiště baterie,7.6,46.6,28.09,0.1,14.71,14.61,34.22,99.32,233
05.05.2024,HFVE Zapletal Simon,Úložiště baterie,7.6,41.9,24.75,0.11,14.56,14.45,36.86,99.24,209.5
06.05.2024,HFVE Zapletal Simon,Úložiště baterie,7.6,37.3,26.23,0.07,10.94,10.87,29.3,99.36,186.5
07.05.2024,HFVE Zapletal Simon,Úložiště baterie,7.6,15.7,5.55,0.12,9.37,9.25,62.5,98.72,78.5
08.05.2024,HFVE Zapletal Simon,Úložiště baterie,7.6,43.8,27.89,0.09,13.8,13.71,32.96,99.35,219
09.05.2024,HFVE Zapletal Simon,Úložiště baterie,7.6,50.6,39.72,0.09,11.97,11.88,23.02,99.25,253
10.05.2024,HFVE Zapletal Simon,Úložiště baterie,7.6,48.3,36.67,0.03,9.76,9.73,20.97,99.69,241.5
11.05.2024,HFVE Zapletal Simon,Úložiště baterie,7.6,43.4,19.48,0.18,23.3,23.12,54.27,99.23,217
12.05.2024,HFVE Zapletal Simon,Úložiště baterie,7.6,52.4,37.27,0.05,12.08,12.03,24.4,99.59,262
13.05.2024,HFVE Zapletal Simon,Úložiště baterie,7.6,48.5,38.69,0.07,8.98,8.91,18.72,99.22,242.5
14.05.2024,HFVE Zapletal Simon,Úložiště baterie,7.6,46.6,36.92,0.1,9.98,9.88,21.11,99,233
15.05.2024,HFVE Zapletal Simon,Úložiště baterie,7.6,26.3,14.75,0.06,8.81,8.75,37.23,99.32,131.5
16.05.2024,HFVE Zapletal Simon,Úložiště baterie,7.6,47.1,36.3,0.08,12.48,12.4,25.46,99.36,235.5
17.05.2024,HFVE Zapletal Simon,Úložiště baterie,7.6,5.4,0.18,0.03,7.45,7.42,97.63,99.6,27
18.05.2024,HFVE Zapletal Simon,Úložiště baterie,7.6,44.2,21.45,0.1,18.65,18.55,46.38,99.46,221
19.05.2024,HFVE Zapletal Simon,Úložiště baterie,7.6,28.7,16.16,0.04,11.28,11.24,41.02,99.65,143.5
20.05.2024,HFVE Zapletal Simon,Úložiště baterie,7.6,33.1,22.69,0.03,9.34,9.31,29.09,99.68,165.5
21.05.2024,HFVE Zapletal Simon,Úložiště baterie,7.6,29.8,23.49,0.04,7.75,7.71,24.71,99.48,149
22.05.2024,HFVE Zapletal Simon,Úložiště baterie,7.6,18.4,9.84,0.03,7.69,7.66,43.77,99.61,92
23.05.2024,HFVE Zapletal Simon,Úložiště baterie,7.6,41.6,33.44,0.02,8.38,8.36,20,99.76,208
24.05.2024,HFVE Zapletal Simon,Úložiště baterie,7.6,24.5,10.41,0.11,13.8,13.69,56.8,99.2,122.5
25.05.2024,HFVE Zapletal Simon,Úložiště baterie,7.6,32.1,21.53,0.03,9.1,9.07,29.64,99.67,160.5
26.05.2024,HFVE Zapletal Simon,Úložiště baterie,7.6,36.6,21.75,0.05,15.2,15.15,41.06,99.67,183
27.05.2024,HFVE Zapletal Simon,Úložiště baterie,7.6,49.3,41.16,0.07,7.21,7.14,14.78,99.03,246.5
28.05.2024,HFVE Zapletal Simon,Úložiště baterie,7.6,41.5,31.79,0.02,7.73,7.71,19.52,99.74,207.5
29.05.2024,HFVE Zapletal Simon,Úložiště baterie,7.6,26.4,17.79,0.12,9.33,9.21,34.11,98.71,132
30.05.2024,HFVE Zapletal Simon,Úložiště baterie,7.6,34.5,25.89,0.03,8.84,8.81,25.39,99.66,172.5
31.05.2024,HFVE Zapletal Simon,Úložiště baterie,7.6,27.2,11.12,0.33,19.81,19.48,63.66,98.33,136
01.05.2025,HFVE Zapletal Simon,Úložiště baterie,7.6,47.9,34.32,0.05,8.13,8.08,19.06,99.38,239.5
02.05.2025,HFVE Zapletal Simon,Úložiště baterie,7.6,45.7,38.53,0.02,7.49,7.47,16.24,99.73,228.5
03.05.2025,HFVE Zapletal Simon,Úložiště baterie,7.6,37.6,23.39,0.05,11.26,11.21,32.4,99.56,188
04.05.2025,HFVE Zapletal Simon,Úložiště baterie,7.6,14.5,4.41,0.06,11.55,11.49,72.26,99.48,72.5
05.05.2025,HFVE Zapletal Simon,Úložiště baterie,7.6,16.9,5.5,0.03,11.63,11.6,67.84,99.74,84.5
06.05.2025,HFVE Zapletal Simon,Úložiště baterie,7.6,6.9,0.21,0.08,10.37,10.29,98,99.23,34.5
07.05.2025,HFVE Zapletal Simon,Úložiště baterie,7.6,40.3,22.97,0.08,13.31,13.23,36.55,99.4,201.5
08.05.2025,HFVE Zapletal Simon,Úložiště baterie,7.6,42.1,29.79,0.03,10.74,10.71,26.44,99.72,210.5
09.05.2025,HFVE Zapletal Simon,Úložiště baterie,7.6,50.4,29.99,0.05,16.96,16.91,36.06,99.71,252
10.05.2025,HFVE Zapletal Simon,Úložiště baterie,7.6,19.5,3.55,0.35,17.6,17.25,82.93,98.01,97.5
11.05.2025,HFVE Zapletal Simon,Úložiště baterie,7.6,44.2,31.2,0.13,11.43,11.3,26.59,98.86,221
12.05.2025,HFVE Zapletal Simon,Úložiště baterie,7.6,48.9,37.98,0.02,10.04,10.02,20.88,99.8,244.5
13.05.2025,HFVE Zapletal Simon,Úložiště baterie,7.6,52,36.08,0.06,13.38,13.32,26.96,99.55,260
14.05.2025,HFVE Zapletal Simon,Úložiště baterie,7.6,46.7,38.08,0.18,8.5,8.32,17.93,97.88,233.5
15.05.2025,HFVE Zapletal Simon,Úložiště baterie,7.6,18.9,7.97,0.07,9,8.93,52.84,99.22,94.5
16.05.2025,HFVE Zapletal Simon,Úložiště baterie,7.6,21.4,7.67,0.12,15.95,15.83,67.36,99.25,107
17.05.2025,HFVE Zapletal Simon,Úložiště baterie,7.6,22.1,10.58,0.05,9.37,9.32,46.83,99.47,110.5
18.05.2025,HFVE Zapletal Simon,Úložiště baterie,7.6,15.5,1.36,0.1,14.94,14.84,91.6,99.33,77.5
19.05.2025,HFVE Zapletal Simon,Úložiště baterie,7.6,12.4,2.5,0.04,10.34,10.3,80.47,99.61,62
20.05.2025,HFVE Zapletal Simon,Úložiště baterie,7.6,20.6,12.68,0.02,7.24,7.22,36.28,99.72,103
21.05.2025,HFVE Zapletal Simon,Úložiště baterie,7.6,41.2,16.63,0.16,24.03,23.87,58.94,99.33,206
22.05.2025,HFVE Zapletal Simon,Úložiště baterie,7.6,14.5,6.04,0.04,10.4,10.36,63.17,99.62,72.5
23.05.2025,HFVE Zapletal Simon,Úložiště baterie,7.6,29.7,20.37,0.04,7.17,7.13,25.93,99.44,148.5
24.05.2025,HFVE Zapletal Simon,Úložiště baterie,7.6,46.1,37,0.13,11.73,11.6,23.87,98.89,230.5
25.05.2025,HFVE Zapletal Simon,Úložiště baterie,7.6,54.4,37.71,0.03,11.62,11.59,23.51,99.74,272
26.05.2025,HFVE Zapletal Simon,Úložiště baterie,7.6,21.6,1.09,0.16,18.77,18.61,94.47,99.15,108
27.05.2025,HFVE Zapletal Simon,Úložiště baterie,7.6,49.3,40.54,0.02,7.38,7.36,15.37,99.73,246.5
28.05.2025,HFVE Zapletal Simon,Úložiště baterie,7.6,31.3,19.87,0.03,9.86,9.83,33.1,99.7,156.5
29.05.2025,HFVE Zapletal Simon,Úložiště baterie,7.6,19.8,5.62,0.19,13.67,13.48,70.58,98.61,99
30.05.2025,HFVE Zapletal Simon,Úložiště baterie,7.6,16,0.67,0.13,17.66,17.53,96.32,99.26,80
31.05.2025,HFVE Zapletal Simon,Úložiště baterie,7.6,49.2,38.1,0.35,9.55,9.2,19.45,96.34,246
01.06.2024,HFVE Zapletal Simon,Úložiště baterie,7.6,44,21.02,0.28,17.76,17.48,45.4,98.42,220
02.06.2024,HFVE Zapletal Simon,Úložiště baterie,7.6,23.7,12.73,0.13,11.4,11.27,46.96,98.86,118.5
03.06.2024,HFVE Zapletal Simon,Úložiště baterie,7.6,29.3,19.81,0.41,10.6,10.19,33.97,96.13,146.5
04.06.2024,HFVE Zapletal Simon,Úložiště baterie,7.6,9.6,0.19,0.14,13.35,13.21,98.58,98.95,48
05.06.2024,HFVE Zapletal Simon,Úložiště baterie,7.6,46.3,28.16,0.11,13.15,13.04,31.65,99.16,231.5
06.06.2024,HFVE Zapletal Simon,Úložiště baterie,7.6,36.6,25.46,0.07,8.91,8.84,25.77,99.21,183
07.06.2024,HFVE Zapletal Simon,Úložiště baterie,7.6,31.4,11.13,0.14,18.31,18.17,62.01,99.24,157
08.06.2024,HFVE Zapletal Simon,Úložiště baterie,7.6,47.3,31.78,0.13,14.75,14.62,31.51,99.12,236.5
09.06.2024,HFVE Zapletal Simon,Úložiště baterie,7.6,36,25.99,0.07,10.98,10.91,29.57,99.36,180
10.06.2024,HFVE Zapletal Simon,Úložiště baterie,7.6,11.4,0.25,0.15,12.8,12.65,98.06,98.83,57
11.06.2024,HFVE Zapletal Simon,Úložiště baterie,7.6,34.9,23.98,0.05,9.27,9.22,27.77,99.46,174.5
12.06.2024,HFVE Zapletal Simon,Úložiště baterie,7.6,17.3,4.96,0.09,12.33,12.24,71.16,99.27,86.5
13.06.2024,HFVE Zapletal Simon,Úložiště baterie,7.6,31.2,19.45,0.12,10.87,10.75,35.6,98.9,156
14.06.2024,HFVE Zapletal Simon,Úložiště baterie,7.6,46.6,26.98,0.1,20.32,20.22,42.84,99.51,233
15.06.2024,HFVE Zapletal Simon,Úložiště baterie,7.6,54.6,42.42,0.05,8.43,8.38,16.5,99.41,273
16.06.2024,HFVE Zapletal Simon,Úložiště baterie,7.6,25.3,15.92,0.03,9.81,9.78,38.05,99.69,126.5
17.06.2024,HFVE Zapletal Simon,Úložiště baterie,7.6,50.6,35.61,0.06,13.25,13.19,27.03,99.55,253
18.06.2024,HFVE Zapletal Simon,Úložiště baterie,7.6,45.7,30.81,0.03,13.02,12.99,29.66,99.77,228.5
19.06.2024,HFVE Zapletal Simon,Úložiště baterie,7.6,51.4,36.39,0.03,13.94,13.91,27.65,99.78,257
20.06.2024,HFVE Zapletal Simon,Úložiště baterie,7.6,40.2,28.92,0.03,10.21,10.18,26.04,99.71,201
21.06.2024,HFVE Zapletal Simon,Úložiště baterie,7.6,46,27.98,0.08,16.7,16.62,37.26,99.52,230
22.06.2024,HFVE Zapletal Simon,Úložiště baterie,7.6,26.7,1.42,1.61,25.49,23.88,94.39,93.68,133.5
23.06.2024,HFVE Zapletal Simon,Úložiště baterie,7.6,48.6,36.98,0.04,9.56,9.52,20.47,99.58,243
24.06.2024,HFVE Zapletal Simon,Úložiště baterie,7.6,38,27.59,0.05,9.56,9.51,25.63,99.48,190
25.06.2024,HFVE Zapletal Simon,Úložiště baterie,7.6,47.5,39.32,0.02,7.4,7.38,15.8,99.73,237.5
26.06.2024,HFVE Zapletal Simon,Úložiště baterie,7.6,34.8,28.86,0.03,6.67,6.64,18.7,99.55,174
27.06.2024,HFVE Zapletal Simon,Úložiště baterie,7.6,25.6,18.83,0.07,5.54,5.47,22.51,98.74,128
28.06.2024,HFVE Zapletal Simon,Úložiště baterie,7.6,39,30.8,0.08,7.08,7,18.52,98.87,195
29.06.2024,HFVE Zapletal Simon,Úložiště baterie,7.6,47.1,36.01,0.03,10.92,10.89,23.22,99.73,235.5
30.06.2024,HFVE Zapletal Simon,Úložiště baterie,7.6,35.8,17.85,0.35,18.5,18.15,50.42,98.11,179
01.06.2025,HFVE Zapletal Simon,Úložiště baterie,7.6,35.9,25.12,0.02,10.3,10.28,29.04,99.81,179.5
02.06.2025,HFVE Zapletal Simon,Úložiště baterie,7.6,37.5,29.35,0.05,7.5,7.45,20.24,99.33,187.5
03.06.2025,HFVE Zapletal Simon,Úložiště baterie,7.6,23.6,8.91,0.05,13.14,13.09,59.5,99.62,118
04.06.2025,HFVE Zapletal Simon,Úložiště baterie,7.6,49.1,39.99,0.03,9.74,9.71,19.54,99.69,245.5
05.06.2025,HFVE Zapletal Simon,Úložiště baterie,7.6,47.2,32.14,0.1,13.46,13.36,29.36,99.26,236
06.06.2025,HFVE Zapletal Simon,Úložiště baterie,7.6,48.4,38.16,0.02,7.46,7.44,16.32,99.73,242
07.06.2025,HFVE Zapletal Simon,Úložiště baterie,7.6,21.9,7.91,0.08,13.17,13.09,62.33,99.39,109.5
08.06.2025,HFVE Zapletal Simon,Úložiště baterie,7.6,8.3,0.3,0.06,11.06,11,97.35,99.46,41.5
09.06.2025,HFVE Zapletal Simon,Úložiště baterie,7.6,38.7,27.2,0.06,8.26,8.2,23.16,99.27,193.5
10.06.2025,HFVE Zapletal Simon,Úložiště baterie,7.6,48,35.72,0.02,11.8,11.78,24.8,99.83,240
11.06.2025,HFVE Zapletal Simon,Úložiště baterie,7.6,35.4,26.84,0.04,7,6.96,20.59,99.43,177
12.06.2025,HFVE Zapletal Simon,Úložiště baterie,7.6,52.3,34.2,0.03,16.43,16.4,32.41,99.82,261.5
13.06.2025,HFVE Zapletal Simon,Úložiště baterie,7.6,54.2,39.13,0.02,13.69,13.67,25.89,99.85,271
14.06.2025,HFVE Zapletal Simon,Úložiště baterie,7.6,53.4,42.6,0.03,10.23,10.2,19.32,99.71,267
15.06.2025,HFVE Zapletal Simon,Úložiště baterie,7.6,52.5,38.54,0.02,12.18,12.16,23.98,99.84,262.5
16.06.2025,HFVE Zapletal Simon,Úložiště baterie,7.6,12.6,1.89,0.12,15.13,15.01,88.82,99.21,63
17.06.2025,HFVE Zapletal Simon,Úložiště baterie,7.6,38,16.44,0.14,15.8,15.66,48.79,99.11,190
18.06.2025,HFVE Zapletal Simon,Úložiště baterie,7.6,51.7,39.7,0.09,9.79,9.7,19.64,99.08,258.5
19.06.2025,HFVE Zapletal Simon,Úložiště baterie,7.6,41.1,31.4,0.1,10.1,10,24.15,99.01,205.5
20.06.2025,HFVE Zapletal Simon,Úložiště baterie,7.6,45.4,25.65,0.07,15.42,15.35,37.44,99.55,227
21.06.2025,HFVE Zapletal Simon,Úložiště baterie,7.6,53,45.6,0.02,7.12,7.1,13.47,99.72,265
22.06.2025,HFVE Zapletal Simon,Úložiště baterie,7.6,52.3,43.57,0.02,6.65,6.63,13.21,99.7,261.5
23.06.2025,HFVE Zapletal Simon,Úložiště baterie,7.6,39.9,31.42,0.03,8.51,8.48,21.25,99.65,199.5
24.06.2025,HFVE Zapletal Simon,Úložiště baterie,7.6,42.6,34.07,0.03,7.16,7.13,17.31,99.58,213
25.06.2025,HFVE Zapletal Simon,Úložiště baterie,7.6,43.4,30.19,0.08,13.99,13.91,31.54,99.43,217
26.06.2025,HFVE Zapletal Simon,Úložiště baterie,7.6,50.1,38.69,0.07,7.98,7.91,16.97,99.12,250.5
27.06.2025,HFVE Zapletal Simon,Úložiště baterie,7.6,36.3,27.39,0.04,8.65,8.61,23.92,99.54,181.5
28.06.2025,HFVE Zapletal Simon,Úložiště baterie,7.6,31.2,13.14,0.11,17.87,17.76,57.48,99.38,156
29.06.2025,HFVE Zapletal Simon,Úložiště baterie,7.6,30.7,12.3,0.19,16.49,16.3,56.99,98.85,153.5
30.06.2025,HFVE Zapletal Simon,Úložiště baterie,7.6,53,39.97,0.18,10.91,10.73,21.16,98.35,265
01.07.2024,HFVE Zapletal Simon,Úložiště baterie,7.6,13.8,2.95,0.04,9.09,9.05,75.42,99.56,69
02.07.2024,HFVE Zapletal Simon,Úložiště baterie,7.6,15.6,2.82,0.15,15.43,15.28,84.42,99.03,78
03.07.2024,HFVE Zapletal Simon,Úložiště baterie,7.6,24.6,14.98,0.03,8.95,8.92,37.32,99.66,123
04.07.2024,HFVE Zapletal Simon,Úložiště baterie,7.6,28.8,21.41,0.03,7.42,7.39,25.66,99.6,144
05.07.2024,HFVE Zapletal Simon,Úložiště baterie,7.6,45.5,28.84,0.06,15.02,14.96,34.16,99.6,227.5
06.07.2024,HFVE Zapletal Simon,Úložiště baterie,7.6,51.1,37,0.04,12.64,12.6,25.4,99.68,255.5
07.07.2024,HFVE Zapletal Simon,Úložiště baterie,7.6,12.9,2.1,0.04,11.14,11.1,84.09,99.64,64.5
08.07.2024,HFVE Zapletal Simon,Úložiště baterie,7.6,23.7,11.67,0.04,13.37,13.33,53.32,99.7,118.5
09.07.2024,HFVE Zapletal Simon,Úložiště baterie,7.6,47.4,32.02,0.02,12.7,12.68,28.37,99.84,237
10.07.2024,HFVE Zapletal Simon,Úložiště baterie,7.6,47.6,34.07,0.03,12.06,12.03,26.1,99.75,238
11.07.2024,HFVE Zapletal Simon,Úložiště baterie,7.6,37.2,25.04,0.07,12.63,12.56,33.4,99.45,186
12.07.2024,HFVE Zapletal Simon,Úložiště baterie,7.6,30.6,20.97,0.04,7.67,7.63,26.68,99.48,153
13.07.2024,HFVE Zapletal Simon,Úložiště baterie,7.6,25.6,5.85,0.12,19.87,19.75,77.15,99.4,128
14.07.2024,HFVE Zapletal Simon,Úložiště baterie,7.6,44.1,23.63,0.06,19.93,19.87,45.68,99.7,220.5
15.07.2024,HFVE Zapletal Simon,Úložiště baterie,7.6,30.5,14.15,0.06,15.81,15.75,52.68,99.62,152.5
16.07.2024,HFVE Zapletal Simon,Úložiště baterie,7.6,42.3,29.18,0.06,11.88,11.82,28.83,99.49,211.5
17.07.2024,HFVE Zapletal Simon,Úložiště baterie,7.6,32.3,18.08,0.05,11.67,11.62,39.12,99.57,161.5
18.07.2024,HFVE Zapletal Simon,Úložiště baterie,7.6,50,41.8,0.02,6.12,6.1,12.73,99.67,250
19.07.2024,HFVE Zapletal Simon,Úložiště baterie,7.6,47,34.15,0.01,11.86,11.85,25.76,99.92,235
20.07.2024,HFVE Zapletal Simon,Úložiště baterie,7.6,31.8,23.36,0.02,8.36,8.34,26.31,99.76,159
21.07.2024,HFVE Zapletal Simon,Úložiště baterie,7.6,43.9,34.62,0.02,8.9,8.88,20.41,99.78,219.5
22.07.2024,HFVE Zapletal Simon,Úložiště baterie,7.6,43.2,34.1,0.04,7.84,7.8,18.62,99.49,216
23.07.2024,HFVE Zapletal Simon,Úložiště baterie,7.6,40,32.21,0.01,6.2,6.19,16.12,99.84,200
24.07.2024,HFVE Zapletal Simon,Úložiště baterie,7.6,19,11.4,0.05,12.05,12,51.28,99.59,95
25.07.2024,HFVE Zapletal Simon,Úložiště baterie,7.6,28,11.59,0.14,13.65,13.51,53.82,98.97,140
26.07.2024,HFVE Zapletal Simon,Úložiště baterie,7.6,48.2,33.41,0.03,12.52,12.49,27.21,99.76,241
27.07.2024,HFVE Zapletal Simon,Úložiště baterie,7.6,47.9,28.9,0.11,17.81,17.7,37.98,99.38,239.5
28.07.2024,HFVE Zapletal Simon,Úložiště baterie,7.6,15,0.36,0.22,14.86,14.64,97.6,98.52,75
29.07.2024,HFVE Zapletal Simon,Úložiště baterie,7.6,41,27.2,0.06,12.66,12.6,31.66,99.53,205
30.07.2024,HFVE Zapletal Simon,Úložiště baterie,7.6,49.3,38.13,0.16,11.63,11.47,23.12,98.62,246.5
31.07.2024,HFVE Zapletal Simon,Úložiště baterie,7.6,47.2,35.46,0.04,10.08,10.04,22.07,99.6,236
01.07.2025,HFVE Zapletal Simon,Úložiště baterie,7.6,53.3,43.44,0.07,9.53,9.46,17.88,99.27,266.5
02.07.2025,HFVE Zapletal Simon,Úložiště baterie,7.6,53,41.48,0.05,9.77,9.72,18.98,99.49,265
03.07.2025,HFVE Zapletal Simon,Úložiště baterie,7.6,48.1,35.66,0.03,8.97,8.94,20.04,99.67,240.5
04.07.2025,HFVE Zapletal Simon,Úložiště baterie,7.6,37.1,24,0.03,11.43,11.4,32.2,99.74,185.5
05.07.2025,HFVE Zapletal Simon,Úložiště baterie,7.6,53,37.32,0.04,15.62,15.58,29.45,99.74,265
06.07.2025,HFVE Zapletal Simon,Úložiště baterie,7.6,44.3,27.04,0.05,16.61,16.56,37.98,99.7,221.5
07.07.2025,HFVE Zapletal Simon,Úložiště baterie,7.6,11.4,0.2,0.07,11.67,11.6,98.31,99.4,57
08.07.2025,HFVE Zapletal Simon,Úložiště baterie,7.6,5.9,0.29,3.21,17.52,14.31,98.01,81.68,29.5
09.07.2025,HFVE Zapletal Simon,Úložiště baterie,7.6,15,0.17,2.28,9.61,7.33,97.73,76.27,75
10.07.2025,HFVE Zapletal Simon,Úložiště baterie,7.6,24.6,14.14,0.07,9.33,9.26,39.57,99.25,123
11.07.2025,HFVE Zapletal Simon,Úložiště baterie,7.6,42,28.89,0.07,11.38,11.31,28.13,99.38,210
12.07.2025,HFVE Zapletal Simon,Úložiště baterie,7.6,33.5,19.27,0.06,14.29,14.23,42.48,99.58,167.5
13.07.2025,HFVE Zapletal Simon,Úložiště baterie,7.6,42.7,26.9,0.05,13.65,13.6,33.58,99.63,213.5
14.07.2025,HFVE Zapletal Simon,Úložiště baterie,7.6,40.2,28.43,0.06,11.43,11.37,28.57,99.48,201
15.07.2025,HFVE Zapletal Simon,Úložiště baterie,7.6,42,21.37,0.3,19.13,18.83,46.84,98.43,210
16.07.2025,HFVE Zapletal Simon,Úložiště baterie,7.6,42.2,28.44,0.04,12.7,12.66,30.8,99.69,211
17.07.2025,HFVE Zapletal Simon,Úložiště baterie,7.6,22.9,11.08,0.21,10.73,10.52,48.7,98.04,114.5
18.07.2025,HFVE Zapletal Simon,Úložiště baterie,7.6,23.3,9.74,0.08,13.74,13.66,58.38,99.42,116.5
19.07.2025,HFVE Zapletal Simon,Úložiště baterie,7.6,42.6,25.84,0.08,15.34,15.26,37.13,99.48,213
20.07.2025,HFVE Zapletal Simon,Úložiště baterie,7.6,49.2,32.51,0.23,15.72,15.49,32.27,98.54,246
21.07.2025,HFVE Zapletal Simon,Úložiště baterie,7.6,46.4,34.45,0.04,10.59,10.55,23.44,99.62,232
22.07.2025,HFVE Zapletal Simon,Úložiště baterie,7.6,36.4,22.13,0.04,12.71,12.67,36.41,99.69,182
23.07.2025,HFVE Zapletal Simon,Úložiště baterie,7.6,43.7,31.01,0.05,12.04,11.99,27.88,99.58,218.5
24.07.2025,HFVE Zapletal Simon,Úložiště baterie,7.6,18.6,8.01,0.04,10.93,10.89,57.62,99.63,93
25.07.2025,HFVE Zapletal Simon,Úložiště baterie,7.6,32.7,17.29,0.08,13.99,13.91,44.58,99.43,163.5
26.07.2025,HFVE Zapletal Simon,Úložiště baterie,7.6,12.5,0.27,0.13,14.46,14.33,98.15,99.1,62.5
27.07.2025,HFVE Zapletal Simon,Úložiště baterie,7.6,2.8,0.14,2.49,13.25,10.76,98.72,81.21,14
28.07.2025,HFVE Zapletal Simon,Úložiště baterie,7.6,10.8,0.16,2.67,9.21,6.54,97.61,71.01,54
29.07.2025,HFVE Zapletal Simon,Úložiště baterie,7.6,19.7,4.05,0.06,8.91,8.85,68.6,99.33,98.5
30.07.2025,HFVE Zapletal Simon,Úložiště baterie,7.6,43.2,31.2,0.02,10.42,10.4,25,99.81,216
31.07.2025,HFVE Zapletal Simon,Úložiště baterie,7.6,34.8,26.14,0.03,8.19,8.16,23.79,99.63,174
01.08.2024,HFVE Zapletal Simon,Úložiště baterie,7.6,17.4,6.64,0.17,9.03,8.86,57.16,98.12,87
02.08.2024,HFVE Zapletal Simon,Úložiště baterie,7.6,18,6.63,0.09,13.26,13.17,66.52,99.32,90
03.08.2024,HFVE Zapletal Simon,Úložiště baterie,7.6,24.1,14.54,0.1,9.26,9.16,38.65,98.92,120.5
04.08.2024,HFVE Zapletal Simon,Úložiště baterie,7.6,31,9.82,0.12,20,19.88,66.94,99.4,155
05.08.2024,HFVE Zapletal Simon,Úložiště baterie,7.6,13.7,0.21,0.14,16.33,16.19,98.72,99.14,68.5
06.08.2024,HFVE Zapletal Simon,Úložiště baterie,7.6,48.7,29.41,0.05,14.14,14.09,32.39,99.65,243.5
07.08.2024,HFVE Zapletal Simon,Úložiště baterie,7.6,43.8,32.16,0.06,10.9,10.84,25.21,99.45,219
08.08.2024,HFVE Zapletal Simon,Úložiště baterie,7.6,24.1,15.63,0.06,9.33,9.27,37.23,99.36,120.5
09.08.2024,HFVE Zapletal Simon,Úložiště baterie,7.6,43.1,27.89,0.07,10.78,10.71,27.75,99.35,215.5
10.08.2024,HFVE Zapletal Simon,Úložiště baterie,7.6,43.2,26.69,0.07,16.48,16.41,38.07,99.58,216
11.08.2024,HFVE Zapletal Simon,Úložiště baterie,7.6,45.5,25.39,0.15,19.66,19.51,43.45,99.24,227.5
12.08.2024,HFVE Zapletal Simon,Úložiště baterie,7.6,45.8,33.16,0.03,9.77,9.74,22.7,99.69,229
13.08.2024,HFVE Zapletal Simon,Úložiště baterie,7.6,45.7,29.93,0.03,13.3,13.27,30.72,99.77,228.5
14.08.2024,HFVE Zapletal Simon,Úložiště baterie,7.6,42.2,29.67,0.04,12.77,12.73,30.02,99.69,211
15.08.2024,HFVE Zapletal Simon,Úložiště baterie,7.6,19.6,8.74,0.11,10.17,10.06,53.51,98.92,98
16.08.2024,HFVE Zapletal Simon,Úložiště baterie,7.6,41.9,25.11,0.08,14.77,14.69,36.91,99.46,209.5
17.08.2024,HFVE Zapletal Simon,Úložiště baterie,7.6,26.6,14.18,0.1,12.82,12.72,47.29,99.22,133
18.08.2024,HFVE Zapletal Simon,Úložiště baterie,7.6,28.6,11.45,0.09,16.34,16.25,58.66,99.45,143
19.08.2024,HFVE Zapletal Simon,Úložiště baterie,7.6,17.4,7.53,0.08,10.65,10.57,58.4,99.25,87
20.08.2024,HFVE Zapletal Simon,Úložiště baterie,7.6,22.9,6.47,0.04,14.07,14.03,68.44,99.72,114.5
21.08.2024,HFVE Zapletal Simon,Úložiště baterie,7.6,11.7,2.51,0.03,9.92,9.89,79.76,99.7,58.5
22.08.2024,HFVE Zapletal Simon,Úložiště baterie,7.6,31.9,16.32,0.06,15.34,15.28,48.35,99.61,159.5
23.08.2024,HFVE Zapletal Simon,Úložiště baterie,7.6,42.5,28.42,0.03,10.81,10.78,27.5,99.72,212.5
24.08.2024,HFVE Zapletal Simon,Úložiště baterie,7.6,41,32.1,0.03,8.93,8.9,21.71,99.66,205
25.08.2024,HFVE Zapletal Simon,Úložiště baterie,7.6,37.6,25.2,0.03,10.33,10.3,29.01,99.71,188
26.08.2024,HFVE Zapletal Simon,Úložiště baterie,7.6,33.3,23.15,0.04,9.39,9.35,28.77,99.57,166.5
27.08.2024,HFVE Zapletal Simon,Úložiště baterie,7.6,38.3,21.83,0.14,18.61,18.47,45.83,99.25,191.5
28.08.2024,HFVE Zapletal Simon,Úložiště baterie,7.6,36.7,22.42,0.05,12.13,12.08,35.01,99.59,183.5
29.08.2024,HFVE Zapletal Simon,Úložiště baterie,7.6,37,25.62,0.09,10.77,10.68,29.42,99.16,185
30.08.2024,HFVE Zapletal Simon,Úložiště baterie,7.6,38.8,9.99,0.39,24.8,24.41,70.96,98.43,194
31.08.2024,HFVE Zapletal Simon,Úložiště baterie,7.6,34.9,27.11,0.06,7.35,7.29,21.19,99.18,174.5
01.09.2023,HFVE Zapletal Simon,Úložiště baterie,7.6,22.4,14.49,0.42,7.83,7.41,33.84,94.64,112
02.09.2023,HFVE Zapletal Simon,Úložiště baterie,7.6,31.5,16.28,0.73,15.15,14.42,46.97,95.18,157.5
03.09.2023,HFVE Zapletal Simon,Úložiště baterie,7.6,22.6,9.12,0.54,14.22,13.68,60,96.2,113
04.09.2023,HFVE Zapletal Simon,Úložiště baterie,7.6,31.9,21.06,0.38,10.72,10.34,32.93,96.46,159.5
05.09.2023,HFVE Zapletal Simon,Úložiště baterie,7.6,40.8,24.23,0.21,15.08,14.87,38.03,98.61,204
06.09.2023,HFVE Zapletal Simon,Úložiště baterie,7.6,40.7,25.91,0.18,13.47,13.29,33.9,98.66,203.5
07.09.2023,HFVE Zapletal Simon,Úložiště baterie,7.6,40.8,31.16,0.29,8.33,8.04,20.51,96.52,204
08.09.2023,HFVE Zapletal Simon,Úložiště baterie,7.6,39,27.1,0.29,11.49,11.2,29.24,97.48,195
09.09.2023,HFVE Zapletal Simon,Úložiště baterie,7.6,38.4,21.74,0.61,16.37,15.76,42.03,96.27,192
10.09.2023,HFVE Zapletal Simon,Úložiště baterie,7.6,38.2,15.69,0.81,22.82,22.01,58.38,96.45,191
11.09.2023,HFVE Zapletal Simon,Úložiště baterie,7.6,37.2,27.95,0.31,7.36,7.05,20.14,95.79,186
12.09.2023,HFVE Zapletal Simon,Úložiště baterie,7.6,34.7,27.55,0.4,6.55,6.15,18.25,93.89,173.5
13.09.2023,HFVE Zapletal Simon,Úložiště baterie,7.6,31.1,25.45,0.18,6.73,6.55,20.47,97.33,155.5
14.09.2023,HFVE Zapletal Simon,Úložiště baterie,7.6,9.6,0.41,0.38,13.47,13.09,96.96,97.18,48
15.09.2023,HFVE Zapletal Simon,Úložiště baterie,7.6,36.4,21.29,0.35,9.26,8.91,29.5,96.22,182
16.09.2023,HFVE Zapletal Simon,Úložiště baterie,7.6,33.7,16.15,0.59,17.24,16.65,50.76,96.58,168.5
17.09.2023,HFVE Zapletal Simon,Úložiště baterie,7.6,38.6,25.98,0.18,12.1,11.92,31.45,98.51,193
18.09.2023,HFVE Zapletal Simon,Úložiště baterie,7.6,33,21.47,0.23,10.96,10.73,33.32,97.9,165
19.09.2023,HFVE Zapletal Simon,Úložiště baterie,7.6,13.3,4.6,0.18,9.18,9,66.18,98.04,66.5
20.09.2023,HFVE Zapletal Simon,Úložiště baterie,7.6,36.2,23.14,0.32,12.08,11.76,33.7,97.35,181
21.09.2023,HFVE Zapletal Simon,Úložiště baterie,7.6,35.6,27.5,0.18,7.78,7.6,21.65,97.69,178
22.09.2023,HFVE Zapletal Simon,Úložiště baterie,7.6,30.5,18.75,0.17,10.52,10.35,35.57,98.38,152.5
23.09.2023,HFVE Zapletal Simon,Úložiště baterie,7.6,5.5,0.29,0.62,14.33,13.71,97.93,95.67,27.5
24.09.2023,HFVE Zapletal Simon,Úložiště baterie,7.6,5.6,0.24,5.63,13.19,7.56,96.92,57.32,28
25.09.2023,HFVE Zapletal Simon,Úložiště baterie,7.6,25.4,7.75,2.2,8.95,6.75,46.55,75.42,127
26.09.2023,HFVE Zapletal Simon,Úložiště baterie,7.6,29.1,17.75,0.41,11.26,10.85,37.94,96.36,145.5
27.09.2023,HFVE Zapletal Simon,Úložiště baterie,7.6,33.8,23.22,0.29,9.37,9.08,28.11,96.91,169
28.09.2023,HFVE Zapletal Simon,Úložiště baterie,7.6,34.4,10.97,0.56,22.99,22.43,67.16,97.56,172
29.09.2023,HFVE Zapletal Simon,Úložiště baterie,7.6,33.3,15.53,0.62,17.39,16.77,51.92,96.43,166.5
30.09.2023,HFVE Zapletal Simon,Úložiště baterie,7.6,2.9,0.31,0.39,10.38,9.99,96.99,96.24,14.5
01.09.2024,HFVE Zapletal Simon,Úložiště baterie,7.6,31.4,22.1,0.05,12.95,12.9,36.86,99.61,157
02.09.2024,HFVE Zapletal Simon,Úložiště baterie,7.6,35.8,20.34,0.1,11.86,11.76,36.64,99.16,179
03.09.2024,HFVE Zapletal Simon,Úložiště baterie,7.6,30.6,16.75,0.03,11.98,11.95,41.64,99.75,153
04.09.2024,HFVE Zapletal Simon,Úložiště baterie,7.6,32,21.83,0.04,9.41,9.37,30.03,99.57,160
05.09.2024,HFVE Zapletal Simon,Úložiště baterie,7.6,35.5,25.86,0.03,7.77,7.74,23.04,99.61,177.5
06.09.2024,HFVE Zapletal Simon,Úložiště baterie,7.6,36.8,18.93,0.05,17.72,17.67,48.28,99.72,184
07.09.2024,HFVE Zapletal Simon,Úložiště baterie,7.6,35.3,21.01,0.03,13.72,13.69,39.45,99.78,176.5
08.09.2024,HFVE Zapletal Simon,Úložiště baterie,7.6,32.7,22.51,0.04,9.33,9.29,29.21,99.57,163.5
09.09.2024,HFVE Zapletal Simon,Úložiště baterie,7.6,5.3,0.12,0.11,9.09,8.98,98.68,98.79,26.5
10.09.2024,HFVE Zapletal Simon,Úložiště baterie,7.6,10.8,0.26,0.11,11.05,10.94,97.68,99,54
11.09.2024,HFVE Zapletal Simon,Úložiště baterie,7.6,35.7,19.72,0.11,12.39,12.28,38.38,99.11,178.5
12.09.2024,HFVE Zapletal Simon,Úložiště baterie,7.6,1.4,0.09,2.44,11.25,8.81,98.99,78.31,7
13.09.2024,HFVE Zapletal Simon,Úložiště baterie,7.6,1.1,0.08,14.29,25.21,10.92,99.27,43.32,5.5
14.09.2024,HFVE Zapletal Simon,Úložiště baterie,7.6,1.5,0.1,12.87,27.17,14.3,99.31,52.63,7.5
15.09.2024,HFVE Zapletal Simon,Úložiště baterie,7.6,10.9,8.41,19.48,26.77,7.29,46.43,27.23,54.5
16.09.2024,HFVE Zapletal Simon,Úložiště baterie,7.6,4.6,0.25,6.58,17.83,11.25,97.83,63.1,23
17.09.2024,HFVE Zapletal Simon,Úložiště baterie,7.6,15.9,0.21,0.09,12.58,12.49,98.35,99.28,79.5
18.09.2024,HFVE Zapletal Simon,Úložiště baterie,7.6,31,14.99,0.05,14.56,14.51,49.19,99.66,155
19.09.2024,HFVE Zapletal Simon,Úložiště baterie,7.6,33.7,17.21,0.09,16.88,16.79,49.38,99.47,168.5
20.09.2024,HFVE Zapletal Simon,Úložiště baterie,7.6,35.1,21.3,0.04,11.34,11.3,34.66,99.65,175.5
21.09.2024,HFVE Zapletal Simon,Úložiště baterie,7.6,36.6,17.49,0.12,18.63,18.51,51.42,99.36,183
22.09.2024,HFVE Zapletal Simon,Úložiště baterie,7.6,36.8,25,0.03,10.83,10.8,30.17,99.72,184
23.09.2024,HFVE Zapletal Simon,Úložiště baterie,7.6,31.5,18.76,0.07,12.21,12.14,39.29,99.43,157.5
24.09.2024,HFVE Zapletal Simon,Úložiště baterie,7.6,12.7,0.23,0.14,15.41,15.27,98.52,99.09,63.5
25.09.2024,HFVE Zapletal Simon,Úložiště baterie,7.6,31.3,17.46,0.02,9.36,9.34,34.85,99.79,156.5
26.09.2024,HFVE Zapletal Simon,Úložiště baterie,7.6,15.9,0.3,0.14,21.54,21.4,98.62,99.35,79.5
27.09.2024,HFVE Zapletal Simon,Úložiště baterie,7.6,13.5,0.14,0.68,11.84,11.16,98.76,94.26,67.5
28.09.2024,HFVE Zapletal Simon,Úložiště baterie,7.6,13.4,0.21,0.08,8.67,8.59,97.61,99.08,67
29.09.2024,HFVE Zapletal Simon,Úložiště baterie,7.6,15.5,4.1,0.17,11.67,11.5,73.72,98.54,77.5
30.09.2024,HFVE Zapletal Simon,Úložiště baterie,7.6,26.6,18.91,0.02,7.21,7.19,27.55,99.72,133
01.10.2023,HFVE Zapletal Simon,Úložiště baterie,7.6,20.1,3.62,0.42,8.9,8.48,70.08,95.28,100.5
02.10.2023,HFVE Zapletal Simon,Úložiště baterie,7.6,26.1,12.02,0.42,14.4,13.98,53.77,97.08,130.5
03.10.2023,HFVE Zapletal Simon,Úložiště baterie,7.6,32.3,24.92,0.14,6.72,6.58,20.89,97.92,161.5
04.10.2023,HFVE Zapletal Simon,Úložiště baterie,7.6,29.8,20.05,0.37,9.42,9.05,31.1,96.07,149
05.10.2023,HFVE Zapletal Simon,Úložiště baterie,7.6,27.4,20.35,0.15,7,6.85,25.18,97.86,137
06.10.2023,HFVE Zapletal Simon,Úložiště baterie,7.6,27,20.39,0.23,5.94,5.71,21.88,96.13,135
07.10.2023,HFVE Zapletal Simon,Úložiště baterie,7.6,22.7,9.1,0.79,18.09,17.3,65.53,95.63,113.5
08.10.2023,HFVE Zapletal Simon,Úložiště baterie,7.6,13.8,0.48,0.46,11.08,10.62,95.68,95.85,69
09.10.2023,HFVE Zapletal Simon,Úložiště baterie,7.6,1,0.17,0.59,9.32,8.73,98.09,93.67,5
10.10.2023,HFVE Zapletal Simon,Úložiště baterie,7.6,8,0.25,1.47,7.82,6.35,96.21,81.2,40
11.10.2023,HFVE Zapletal Simon,Úložiště baterie,7.6,25.1,9.62,0.14,7.72,7.58,44.07,98.19,125.5
12.10.2023,HFVE Zapletal Simon,Úložiště baterie,7.6,24.4,15.92,0.27,8.25,7.98,33.39,96.73,122
13.10.2023,HFVE Zapletal Simon,Úložiště baterie,7.6,16.7,6.42,0.32,11.1,10.78,62.67,97.12,83.5
14.10.2023,HFVE Zapletal Simon,Úložiště baterie,7.6,23.5,3.48,0.47,22.39,21.92,86.3,97.9,117.5
15.10.2023,HFVE Zapletal Simon,Úložiště baterie,7.6,21.3,9.1,0.24,9.14,8.9,49.44,97.37,106.5
16.10.2023,HFVE Zapletal Simon,Úložiště baterie,7.6,15.3,7.2,0.18,10.38,10.2,58.62,98.27,76.5
17.10.2023,HFVE Zapletal Simon,Úložiště baterie,7.6,23.6,11.69,0.19,9.4,9.21,44.07,97.98,118
18.10.2023,HFVE Zapletal Simon,Úložiště baterie,7.6,29.3,21.07,0.13,6.56,6.43,23.38,98.02,146.5
19.10.2023,HFVE Zapletal Simon,Úložiště baterie,7.6,3.8,0.25,0.41,13.16,12.75,98.08,96.88,19
20.10.2023,HFVE Zapletal Simon,Úložiště baterie,7.6,8.8,0.25,0.17,6.72,6.55,96.32,97.47,44
21.10.2023,HFVE Zapletal Simon,Úložiště baterie,7.6,16,0.32,2.3,14.88,12.58,97.52,84.54,80
22.10.2023,HFVE Zapletal Simon,Úložiště baterie,7.6,3,0.33,0.28,9.75,9.47,96.63,97.13,15
23.10.2023,HFVE Zapletal Simon,Úložiště baterie,7.6,21.6,4.01,1.21,8,6.79,62.87,84.88,108
24.10.2023,HFVE Zapletal Simon,Úložiště baterie,7.6,13.8,5.31,0.24,9.73,9.49,64.12,97.53,69
25.10.2023,HFVE Zapletal Simon,Úložiště baterie,7.6,10.4,0.41,0.25,8.64,8.39,95.34,97.11,52
26.10.2023,HFVE Zapletal Simon,Úložiště baterie,7.6,12.5,4.55,0.04,7.69,7.65,62.7,99.48,62.5
27.10.2023,HFVE Zapletal Simon,Úložiště baterie,7.6,0.8,0.09,7.55,18.26,10.71,99.17,58.65,4
28.10.2023,HFVE Zapletal Simon,Úložiště baterie,7.6,13.7,0.17,1.43,7.96,6.53,97.46,82.04,68.5
29.10.2023,HFVE Zapletal Simon,Úložiště baterie,7.6,21.8,6.18,0.05,12.17,12.12,66.23,99.59,109
30.10.2023,HFVE Zapletal Simon,Úložiště baterie,7.6,10.7,2.67,0.03,8.16,8.13,75.28,99.63,53.5
31.10.2023,HFVE Zapletal Simon,Úložiště baterie,7.6,1.7,0.12,0.02,4.8,4.78,97.55,99.58,8.5
01.10.2024,HFVE Zapletal Simon,Úložiště baterie,7.6,27.2,18.98,0.07,7.99,7.92,29.44,99.12,136
02.10.2024,HFVE Zapletal Simon,Úložiště baterie,7.6,3.9,0.14,0.04,8.1,8.06,98.29,99.51,19.5
03.10.2024,HFVE Zapletal Simon,Úložiště baterie,7.6,9.3,0.19,0.07,13.88,13.81,98.64,99.5,46.5
04.10.2024,HFVE Zapletal Simon,Úložiště baterie,7.6,2.5,0.03,12.66,16.03,3.37,99.12,21.02,12.5
05.10.2024,HFVE Zapletal Simon,Úložiště baterie,7.6,1.7,0.03,9.55,11.52,1.97,98.5,17.1,8.5
06.10.2024,HFVE Zapletal Simon,Úložiště baterie,7.6,5,0.11,2.99,8.48,5.49,98.04,64.74,25
07.10.2024,HFVE Zapletal Simon,Úložiště baterie,7.6,31.4,11.38,2.39,11.31,8.92,43.94,78.87,157
08.10.2024,HFVE Zapletal Simon,Úložiště baterie,7.6,22.8,10.14,0.06,11.92,11.86,53.91,99.5,114
09.10.2024,HFVE Zapletal Simon,Úložiště baterie,7.6,7.1,0.43,0.03,6.6,6.57,93.86,99.55,35.5
10.10.2024,HFVE Zapletal Simon,Úložiště baterie,7.6,18.1,7.27,0.05,11.98,11.93,62.14,99.58,90.5
11.10.2024,HFVE Zapletal Simon,Úložiště baterie,7.6,11.5,0.58,0.02,8.84,8.82,93.83,99.77,57.5
12.10.2024,HFVE Zapletal Simon,Úložiště baterie,7.6,24.7,8.29,0.14,16.85,16.71,66.84,99.17,123.5
13.10.2024,HFVE Zapletal Simon,Úložiště baterie,7.6,6.6,0.17,0.06,8.59,8.53,98.05,99.3,33
14.10.2024,HFVE Zapletal Simon,Úložiště baterie,7.6,24.7,11.71,0.04,8.43,8.39,41.74,99.53,123.5
15.10.2024,HFVE Zapletal Simon,Úložiště baterie,7.6,17.9,9.54,0.03,10.99,10.96,53.46,99.73,89.5
16.10.2024,HFVE Zapletal Simon,Úložiště baterie,7.6,29.9,19.69,0.03,6.84,6.81,25.7,99.56,149.5
17.10.2024,HFVE Zapletal Simon,Úložiště baterie,7.6,25.4,14.21,0.03,11.42,11.39,44.49,99.74,127
18.10.2024,HFVE Zapletal Simon,Úložiště baterie,7.6,26.8,13.31,0.04,10.83,10.79,44.77,99.63,134
19.10.2024,HFVE Zapletal Simon,Úložiště baterie,7.6,24,15.43,0.06,8.43,8.37,35.17,99.29,120
20.10.2024,HFVE Zapletal Simon,Úložiště baterie,7.6,26.2,14.57,0.03,11.76,11.73,44.6,99.74,131
21.10.2024,HFVE Zapletal Simon,Úložiště baterie,7.6,25.9,14.59,0.02,10.93,10.91,42.78,99.82,129.5
22.10.2024,HFVE Zapletal Simon,Úložiště baterie,7.6,27.1,19.01,0.03,7.72,7.69,28.8,99.61,135.5
23.10.2024,HFVE Zapletal Simon,Úložiště baterie,7.6,4.4,0.11,0.04,8.33,8.29,98.69,99.52,22
24.10.2024,HFVE Zapletal Simon,Úložiště baterie,7.6,23.1,8.07,0.1,16.23,16.13,66.65,99.38,115.5
25.10.2024,HFVE Zapletal Simon,Úložiště baterie,7.6,21.4,6.84,0.78,10.44,9.66,58.55,92.53,107
26.10.2024,HFVE Zapletal Simon,Úložiště baterie,7.6,5,0.13,0.12,11.89,11.77,98.91,98.99,25
27.10.2024,HFVE Zapletal Simon,Úložiště baterie,7.6,20.9,4.59,4.71,16.32,11.61,71.67,71.14,104.5
28.10.2024,HFVE Zapletal Simon,Úložiště baterie,7.6,6,0.15,0.98,10.83,9.85,98.5,90.95,30
29.10.2024,HFVE Zapletal Simon,Úložiště baterie,7.6,6.7,0.09,2,7.71,5.71,98.45,74.06,33.5
30.10.2024,HFVE Zapletal Simon,Úložiště baterie,7.6,4,0.06,10.26,15.4,5.14,98.85,33.38,20
31.10.2024,HFVE Zapletal Simon,Úložiště baterie,7.6,4.7,0.1,2.42,7.22,4.8,97.96,66.48,23.5
01.11.2023,HFVE Zapletal Simon,Úložiště baterie,7.6,18.1,4.1,0.04,9.64,9.6,70.07,99.59,90.5
02.11.2023,HFVE Zapletal Simon,Úložiště baterie,7.6,19.4,11.86,0.04,6.98,6.94,36.91,99.43,97
03.11.2023,HFVE Zapletal Simon,Úložiště baterie,7.6,1,0.09,0.03,7.84,7.81,98.86,99.62,5
04.11.2023,HFVE Zapletal Simon,Úložiště baterie,7.6,16.4,3.38,0.04,5.56,5.52,62.02,99.28,82
05.11.2023,HFVE Zapletal Simon,Úložiště baterie,7.6,5.4,0.15,0.03,7.38,7.35,98,99.59,27
06.11.2023,HFVE Zapletal Simon,Úložiště baterie,7.6,10.3,2.05,0.03,5.48,5.45,72.67,99.45,51.5
07.11.2023,HFVE Zapletal Simon,Úložiště baterie,7.6,20,8.44,0.06,10.52,10.46,55.34,99.43,100
08.11.2023,HFVE Zapletal Simon,Úložiště baterie,7.6,12.3,7.72,0.02,4.7,4.68,37.74,99.57,61.5
09.11.2023,HFVE Zapletal Simon,Úložiště baterie,7.6,19.2,11.94,0.02,8.68,8.66,42.04,99.77,96
10.11.2023,HFVE Zapletal Simon,Úložiště baterie,7.6,2.5,0.12,0.04,7.42,7.38,98.4,99.46,12.5
11.11.2023,HFVE Zapletal Simon,Úložiště baterie,7.6,7.1,0.16,0.08,7.12,7.04,97.78,98.88,35.5
12.11.2023,HFVE Zapletal Simon,Úložiště baterie,7.6,4.4,0.2,1.39,9.69,8.3,97.65,85.66,22
13.11.2023,HFVE Zapletal Simon,Úložiště baterie,7.6,8.1,0.15,4.42,12.77,8.35,98.24,65.39,40.5
14.11.2023,HFVE Zapletal Simon,Úložiště baterie,7.6,7.7,0.11,1.39,5.58,4.19,97.44,75.09,38.5
15.11.2023,HFVE Zapletal Simon,Úložiště baterie,7.6,2.1,0.11,0.06,5.75,5.69,98.1,98.96,10.5
16.11.2023,HFVE Zapletal Simon,Úložiště baterie,7.6,8.1,0.13,4.94,12.71,7.77,98.35,61.13,40.5
17.11.2023,HFVE Zapletal Simon,Úložiště baterie,7.6,1.1,0.02,6.52,8.1,1.58,98.75,19.51,5.5
18.11.2023,HFVE Zapletal Simon,Úložiště baterie,7.6,1.4,0.04,7.56,9.32,1.76,97.78,18.88,7
19.11.2023,HFVE Zapletal Simon,Úložiště baterie,7.6,2,0.04,17.21,20.07,2.86,98.62,14.25,10
20.11.2023,HFVE Zapletal Simon,Úložiště baterie,7.6,1.5,0.03,9.52,11.09,1.57,98.12,14.16,7.5
21.11.2023,HFVE Zapletal Simon,Úložiště baterie,7.6,4.9,0.17,1.52,5.75,4.23,96.14,73.57,24.5
22.11.2023,HFVE Zapletal Simon,Úložiště baterie,7.6,0.6,0,6.37,7.97,1.6,100,20.08,3
23.11.2023,HFVE Zapletal Simon,Úložiště baterie,7.6,2.4,0.13,3.8,6.27,2.47,95,39.39,12
24.11.2023,HFVE Zapletal Simon,Úložiště baterie,7.6,4.6,0.07,7.84,12.67,4.83,98.57,38.12,23
25.11.2023,HFVE Zapletal Simon,Úložiště baterie,7.6,0.5,0.02,7.6,8.38,0.78,97.5,9.31,2.5
26.11.2023,HFVE Zapletal Simon,Úložiště baterie,7.6,0.5,0.07,15.24,20.77,5.53,98.75,26.62,2.5
27.11.2023,HFVE Zapletal Simon,Úložiště baterie,7.6,0.4,0.03,7.24,13.51,6.27,99.52,46.41,2
28.11.2023,HFVE Zapletal Simon,Úložiště baterie,7.6,0.5,0.04,7.94,13.4,5.46,99.27,40.75,2.5
29.11.2023,HFVE Zapletal Simon,Úložiště baterie,7.6,2.3,0.38,6.63,11.45,4.82,92.69,42.1,11.5
30.11.2023,HFVE Zapletal Simon,Úložiště baterie,7.6,3.5,1.71,3.69,9.48,5.79,77.2,61.08,17.5
01.11.2024,HFVE Zapletal Simon,Úložiště baterie,7.6,22.8,0.9,1.29,13.79,12.5,93.28,90.65,114
02.11.2024,HFVE Zapletal Simon,Úložiště baterie,7.6,4.6,0.14,0.06,7.82,7.76,98.23,99.23,23
03.11.2024,HFVE Zapletal Simon,Úložiště baterie,7.6,17.2,3.17,0.03,8.66,8.63,73.14,99.65,86
04.11.2024,HFVE Zapletal Simon,Úložiště baterie,7.6,4.7,0.23,0.1,12.37,12.27,98.16,99.19,23.5
05.11.2024,HFVE Zapletal Simon,Úložiště baterie,7.6,21.7,4.58,0.05,7.97,7.92,63.36,99.37,108.5
06.11.2024,HFVE Zapletal Simon,Úložiště baterie,7.6,16.8,11.79,0.02,5.03,5.01,29.82,99.6,84
07.11.2024,HFVE Zapletal Simon,Úložiště baterie,7.6,18.3,9.42,0.02,9.4,9.38,49.89,99.79,91.5
08.11.2024,HFVE Zapletal Simon,Úložiště baterie,7.6,8,0.87,0.04,6.07,6.03,87.39,99.34,40
09.11.2024,HFVE Zapletal Simon,Úložiště baterie,7.6,10.6,4.93,0.06,5.83,5.77,53.93,98.97,53
10.11.2024,HFVE Zapletal Simon,Úložiště baterie,7.6,4.2,0.17,0.14,9.67,9.53,98.25,98.55,21
11.11.2024,HFVE Zapletal Simon,Úložiště baterie,7.6,3.5,0.12,0.04,6.52,6.48,98.18,99.39,17.5
12.11.2024,HFVE Zapletal Simon,Úložiště baterie,7.6,1.4,0.03,4.31,8.18,3.87,99.23,47.31,7
13.11.2024,HFVE Zapletal Simon,Úložiště baterie,7.6,0.9,0.01,6.41,7.9,1.49,99.33,18.86,4.5
14.11.2024,HFVE Zapletal Simon,Úložiště baterie,7.6,2.7,0.04,4.42,7.68,3.26,98.79,42.45,13.5
15.11.2024,HFVE Zapletal Simon,Úložiště baterie,7.6,1.7,0.05,4.48,6.43,1.95,97.5,30.33,8.5
16.11.2024,HFVE Zapletal Simon,Úložiště baterie,7.6,15.4,0.15,3.31,13.26,9.95,98.51,75.04,77
17.11.2024,HFVE Zapletal Simon,Úložiště baterie,7.6,1.8,0.28,2.39,8.81,6.42,95.82,72.87,9
18.11.2024,HFVE Zapletal Simon,Úložiště baterie,7.6,3.2,0.08,3.36,6.88,3.52,97.78,51.16,16
19.11.2024,HFVE Zapletal Simon,Úložiště baterie,7.6,3.8,0.07,4.05,8.08,4.03,98.29,49.88,19
20.11.2024,HFVE Zapletal Simon,Úložiště baterie,7.6,3.3,0.06,2.28,5.52,3.24,98.18,58.7,16.5
21.11.2024,HFVE Zapletal Simon,Úložiště baterie,7.6,5.9,0.11,2.04,6.73,4.69,97.71,69.69,29.5
22.11.2024,HFVE Zapletal Simon,Úložiště baterie,7.6,0.6,0.13,14.49,22.26,7.77,98.35,34.91,3
23.11.2024,HFVE Zapletal Simon,Úložiště baterie,7.6,3.6,0.78,9.82,15.74,5.92,88.36,37.61,18
24.11.2024,HFVE Zapletal Simon,Úložiště baterie,7.6,1.5,0.12,3.82,12.6,8.78,98.65,69.68,7.5
25.11.2024,HFVE Zapletal Simon,Úložiště baterie,7.6,14.9,10.52,9.02,15.6,6.58,38.48,42.18,74.5
26.11.2024,HFVE Zapletal Simon,Úložiště baterie,7.6,2.2,0.1,3.44,10.44,7,98.59,67.05,11
27.11.2024,HFVE Zapletal Simon,Úložiště baterie,7.6,5.9,1.38,6.08,13.1,7.02,83.57,53.59,29.5
28.11.2024,HFVE Zapletal Simon,Úložiště baterie,7.6,0.9,0.05,3.06,9.31,6.25,99.21,67.13,4.5
29.11.2024,HFVE Zapletal Simon,Úložiště baterie,7.6,0.6,0.1,6.62,12.02,5.4,98.18,44.93,3
30.11.2024,HFVE Zapletal Simon,Úložiště baterie,7.6,5,0.13,6.19,15.56,9.37,98.63,60.22,25
01.12.2023,HFVE Zapletal Simon,Úložiště baterie,7.6,1.6,0.07,4.89,17.62,12.73,99.45,72.25,8
02.12.2023,HFVE Zapletal Simon,Úložiště baterie,7.6,0.3,0.04,13.1,18.46,5.36,99.26,29.04,1.5
03.12.2023,HFVE Zapletal Simon,Úložiště baterie,7.6,0.3,0.05,6.86,12.61,5.75,99.14,45.6,1.5
04.12.2023,HFVE Zapletal Simon,Úložiště baterie,7.6,0.3,0.03,7.35,15.42,8.07,99.63,52.33,1.5
05.12.2023,HFVE Zapletal Simon,Úložiště baterie,7.6,0.3,0.11,10.43,23.52,13.09,99.17,55.65,1.5
06.12.2023,HFVE Zapletal Simon,Úložiště baterie,7.6,0.2,0.05,15.68,21.03,5.35,99.07,25.44,1
07.12.2023,HFVE Zapletal Simon,Úložiště baterie,7.6,0.3,0.04,7.09,14.45,7.36,99.46,50.93,1.5
08.12.2023,HFVE Zapletal Simon,Úložiště baterie,7.6,0.3,0.09,9.56,17.07,7.51,98.82,44,1.5
09.12.2023,HFVE Zapletal Simon,Úložiště baterie,7.6,0.4,0.08,9.04,15.16,6.12,98.71,40.37,2
10.12.2023,HFVE Zapletal Simon,Úložiště baterie,7.6,0.3,0.07,7.78,15.51,7.73,99.1,49.84,1.5
11.12.2023,HFVE Zapletal Simon,Úložiště baterie,7.6,6,1.58,9.49,18.81,9.32,85.5,49.55,30
12.12.2023,HFVE Zapletal Simon,Úložiště baterie,7.6,3.3,0.09,6.15,13.36,7.21,98.77,53.97,16.5
13.12.2023,HFVE Zapletal Simon,Úložiště baterie,7.6,0.7,0.04,5.2,14.56,9.36,99.57,64.29,3.5
14.12.2023,HFVE Zapletal Simon,Úložiště baterie,7.6,0.7,0.09,10.65,19.36,8.71,98.98,44.99,3.5
15.12.2023,HFVE Zapletal Simon,Úložiště baterie,7.6,5.1,0.63,10,18.67,8.67,93.23,46.44,25.5
16.12.2023,HFVE Zapletal Simon,Úložiště baterie,7.6,1,0.09,5.19,10.2,5.01,98.24,49.12,5
17.12.2023,HFVE Zapletal Simon,Úložiště baterie,7.6,1.6,0.15,5.32,11.67,6.35,97.69,54.41,8
18.12.2023,HFVE Zapletal Simon,Úložiště baterie,7.6,14.6,9.44,6.23,13.49,7.26,43.47,53.82,73
19.12.2023,HFVE Zapletal Simon,Úložiště baterie,7.6,5.5,0.14,0.05,6.41,6.36,97.85,99.22,27.5
20.12.2023,HFVE Zapletal Simon,Úložiště baterie,7.6,0.8,0.04,4.37,12.13,7.76,99.49,63.97,4
21.12.2023,HFVE Zapletal Simon,Úložiště baterie,7.6,0.8,0.07,8.95,19.48,10.53,99.34,54.06,4
22.12.2023,HFVE Zapletal Simon,Úložiště baterie,7.6,2.2,0.12,11.68,19.76,8.08,98.54,40.89,11
23.12.2023,HFVE Zapletal Simon,Úložiště baterie,7.6,1,0.08,7.61,19.23,11.62,99.32,60.43,5
24.12.2023,HFVE Zapletal Simon,Úložiště baterie,7.6,0.6,0.03,12.47,19.74,7.27,99.59,36.83,3
25.12.2023,HFVE Zapletal Simon,Úložiště baterie,7.6,0.5,0.07,9.54,22.37,12.83,99.46,57.35,2.5
26.12.2023,HFVE Zapletal Simon,Úložiště baterie,7.6,1.1,0.13,14.83,22.1,7.27,98.24,32.9,5.5
27.12.2023,HFVE Zapletal Simon,Úložiště baterie,7.6,15.1,12.38,7.9,14.12,6.22,33.44,44.05,75.5
28.12.2023,HFVE Zapletal Simon,Úložiště baterie,7.6,11.8,4.21,4.67,15.46,10.79,71.93,69.79,59
29.12.2023,HFVE Zapletal Simon,Úložiště baterie,7.6,7.1,2.72,4.16,12.34,8.18,75.05,66.29,35.5
30.12.2023,HFVE Zapletal Simon,Úložiště baterie,7.6,3.3,0.11,4.96,18.25,13.29,99.18,72.82,16.5
31.12.2023,HFVE Zapletal Simon,Úložiště baterie,7.6,3.2,0.16,12.06,27.3,15.24,98.96,55.82,16
01.12.2024,HFVE Zapletal Simon,Úložiště baterie,7.6,15.7,2.34,0.03,11.39,11.36,82.92,99.74,78.5
02.12.2024,HFVE Zapletal Simon,Úložiště baterie,7.6,13.2,4.52,0.06,8.24,8.18,64.41,99.27,66
03.12.2024,HFVE Zapletal Simon,Úložiště baterie,7.6,3.9,0.1,0.02,5.72,5.7,98.28,99.65,19.5
04.12.2024,HFVE Zapletal Simon,Úložiště baterie,7.6,1,0.06,0.03,7.27,7.24,99.18,99.59,5
05.12.2024,HFVE Zapletal Simon,Úložiště baterie,7.6,1.1,0.03,3.81,7.18,3.37,99.12,46.94,5.5
06.12.2024,HFVE Zapletal Simon,Úložiště baterie,7.6,0.9,0.27,15.6,24.23,8.63,96.97,35.62,4.5
07.12.2024,HFVE Zapletal Simon,Úložiště baterie,7.6,4.2,0.13,10.02,17.19,7.17,98.22,41.71,21
08.12.2024,HFVE Zapletal Simon,Úložiště baterie,7.6,1.7,0.1,4.43,12.03,7.6,98.7,63.18,8.5
09.12.2024,HFVE Zapletal Simon,Úložiště baterie,7.6,0.5,0.09,7.45,17.16,9.71,99.08,56.59,2.5
10.12.2024,HFVE Zapletal Simon,Úložiště baterie,7.6,0.9,0.04,11.36,20.42,9.06,99.56,44.37,4.5
11.12.2024,HFVE Zapletal Simon,Úložiště baterie,7.6,0.7,0.06,10.28,18.82,8.54,99.3,45.38,3.5
12.12.2024,HFVE Zapletal Simon,Úložiště baterie,7.6,0.9,0.06,10.66,18.7,8.04,99.26,42.99,4.5
13.12.2024,HFVE Zapletal Simon,Úložiště baterie,7.6,1.4,0.13,8.3,14.27,5.97,97.87,41.84,7
14.12.2024,HFVE Zapletal Simon,Úložiště baterie,7.6,0.6,0.06,6.08,13.72,7.64,99.22,55.69,3
15.12.2024,HFVE Zapletal Simon,Úložiště baterie,7.6,1.5,0.1,9.17,17.47,8.3,98.81,47.51,7.5
16.12.2024,HFVE Zapletal Simon,Úložiště baterie,7.6,0.5,0.04,8.29,16.65,8.36,99.52,50.21,2.5
17.12.2024,HFVE Zapletal Simon,Úložiště baterie,7.6,1.8,0.06,9.96,15.8,5.84,98.98,36.96,9
18.12.2024,HFVE Zapletal Simon,Úložiště baterie,7.6,9.2,4.43,5.45,13.12,7.67,63.39,58.46,46
19.12.2024,HFVE Zapletal Simon,Úložiště baterie,7.6,5.5,0.13,5.15,17.22,12.07,98.93,70.09,27.5
20.12.2024,HFVE Zapletal Simon,Úložiště baterie,7.6,1.4,0.09,8.24,13.85,5.61,98.42,40.51,7
21.12.2024,HFVE Zapletal Simon,Úložiště baterie,7.6,4.6,0.16,6.37,17.61,11.24,98.6,63.83,23
22.12.2024,HFVE Zapletal Simon,Úložiště baterie,7.6,3.5,0.12,8.54,18.92,10.38,98.86,54.86,17.5
23.12.2024,HFVE Zapletal Simon,Úložiště baterie,7.6,1.4,0.18,8.59,18.41,9.82,98.2,53.34,7
24.12.2024,HFVE Zapletal Simon,Úložiště baterie,7.6,0.7,0.05,10.44,21.09,10.65,99.53,50.5,3.5
25.12.2024,HFVE Zapletal Simon,Úložiště baterie,7.6,6.7,0.34,12.38,22.34,9.96,96.7,44.58,33.5
26.12.2024,HFVE Zapletal Simon,Úložiště baterie,7.6,12,7.92,4.79,12.27,7.48,48.57,60.96,60
27.12.2024,HFVE Zapletal Simon,Úložiště baterie,7.6,13.3,8.41,4.6,13.79,9.19,52.22,66.64,66.5
28.12.2024,HFVE Zapletal Simon,Úložiště baterie,7.6,11,5.76,5.4,14.14,8.74,60.28,61.81,55
29.12.2024,HFVE Zapletal Simon,Úložiště baterie,7.6,14.2,4.33,0.08,9.65,9.57,68.85,99.17,71
30.12.2024,HFVE Zapletal Simon,Úložiště baterie,7.6,13.1,2.08,0.07,13.29,13.22,86.41,99.47,65.5
31.12.2024,HFVE Zapletal Simon,Úložiště baterie,7.6,4.9,0.14,2.11,13.97,11.86,98.83,84.9,24.5
